-- phpMyAdmin SQL Dump
-- version 4.5.2
-- http://www.phpmyadmin.net
--
-- 主機: localhost
-- 產生時間： 2017 年 02 月 02 日 07:09
-- 伺服器版本: 10.1.13-MariaDB
-- PHP 版本： 5.6.21

SET SQL_MODE = "NO_AUTO_VALUE_ON_ZERO";
SET time_zone = "+00:00";


/*!40101 SET @OLD_CHARACTER_SET_CLIENT=@@CHARACTER_SET_CLIENT */;
/*!40101 SET @OLD_CHARACTER_SET_RESULTS=@@CHARACTER_SET_RESULTS */;
/*!40101 SET @OLD_COLLATION_CONNECTION=@@COLLATION_CONNECTION */;
/*!40101 SET NAMES utf8mb4 */;

--
-- 資料庫： `CSO`
--

-- --------------------------------------------------------

--
-- 資料表結構 `CSO_setup`
--

CREATE TABLE `CSO_setup` (
  `TYPENO` varchar(2) COLLATE utf8_bin NOT NULL,
  `DESCRIPTS` varchar(50) COLLATE utf8_bin NOT NULL,
  `VALUE` int(11) NOT NULL
) ENGINE=InnoDB DEFAULT CHARSET=utf8 COLLATE=utf8_bin COMMENT='顧客與銷售訂單系統設定檔';

--
-- 資料表的匯出資料 `CSO_setup`
--

INSERT INTO `CSO_setup` (`TYPENO`, `DESCRIPTS`, `VALUE`) VALUES
('OG', '下一筆正常訂單編號', 100001),
('OS', '下一筆特殊訂單編號', 900001),
('PG', '下一筆正常訂單揀貨單編號', 1000001),
('PS', '下一筆特殊訂單揀貨單編號', 9000001),
('IG', '下一筆正常發票編號', 10000001),
('IS', '下一筆特殊發票編號', 90000001);

-- --------------------------------------------------------

--
-- 資料表結構 `CUSADD`
--

CREATE TABLE `CUSADD` (
  `CUSNO` varchar(15) COLLATE utf8_bin NOT NULL,
  `ADDNO` varchar(15) COLLATE utf8_bin NOT NULL,
  `ADD_1` varchar(50) COLLATE utf8_bin NOT NULL,
  `ADD_2` varchar(50) COLLATE utf8_bin DEFAULT NULL,
  `ADD_3` varchar(50) COLLATE utf8_bin DEFAULT NULL,
  `CITY` varchar(50) COLLATE utf8_bin DEFAULT NULL,
  `COUNTY` varchar(50) COLLATE utf8_bin DEFAULT NULL,
  `COUNTRY` varchar(50) COLLATE utf8_bin DEFAULT NULL,
  `ZCODE` varchar(15) COLLATE utf8_bin DEFAULT NULL,
  `CNTPER` varchar(50) COLLATE utf8_bin DEFAULT NULL,
  `TEL` varchar(15) COLLATE utf8_bin DEFAULT NULL,
  `FAX` varchar(15) COLLATE utf8_bin DEFAULT NULL,
  `EMAIL` varchar(50) COLLATE utf8_bin DEFAULT NULL,
  `CREATEDATE` datetime NOT NULL,
  `UPDATEDATE` datetime NOT NULL,
  `ACTCODE` tinyint(1) NOT NULL
) ENGINE=InnoDB DEFAULT CHARSET=utf8 COLLATE=utf8_bin COMMENT='顧客地址主檔';

--
-- 資料表的匯出資料 `CUSADD`
--

INSERT INTO `CUSADD` (`CUSNO`, `ADDNO`, `ADD_1`, `ADD_2`, `ADD_3`, `CITY`, `COUNTY`, `COUNTRY`, `ZCODE`, `CNTPER`, `TEL`, `FAX`, `EMAIL`, `CREATEDATE`, `UPDATEDATE`, `ACTCODE`) VALUES
('100001', '1', '9112 E. Arapaho Road Suite 1001', '', '', 'Richardson', 'TX', 'US', '75081', 'Sarah Miller', '(214) 479-6666', '(214) 479-1422', 'Exch@aol.com', '2017-01-31 21:34:23', '2017-02-01 03:01:33', 1),
('100001', '2', '125 Coit Street Suite 210', '', '', 'Richardson', 'TX', 'US', '75081', 'Nancy Woods', '(214) 479-2345', '(214) 479-2211', 'Exch@aol.com', '2017-01-31 23:36:02', '2017-02-01 03:01:24', 1),
('200001', '1', '4268 Campbell Road Suite 3401', '', '', 'Dallas', 'TX', 'US', '75007', 'Meggy Kelly', '(972) 236-7128', '(972) 236-7142', 'ACA@aol.com', '2017-01-31 23:37:03', '2017-01-31 23:37:03', 1),
('200001', '2', '2214 Parker Road Suite 2200', '', '', 'Plano', 'TX', 'US', '75057', 'Robert Young', '(972) 234-2345', '(972) 234-2366', 'ACA@aol.com', '2017-01-31 23:37:43', '2017-01-31 23:37:43', 1),
('300001', '1', '4268 Floyd Road Suite 901', '', '', 'Dallas', 'TX', 'US', '75041', 'Ethen Pan', '(972) 428-6523', '(972) 428-6511', 'Microage@aol.com', '2017-01-31 23:38:18', '2017-01-31 23:38:18', 1),
('300001', '2', '233 Parker Road Suite 110', '', '', 'Plano', 'TX', 'US', '75057', 'Steve Mode', '(972) 221-0011', '(972) 221-0087', 'Microage@aol.com', '2017-01-31 23:38:55', '2017-01-31 23:38:55', 1),
('300001', '3', '109 W. Perters Colony Road Suite 1178', '', '', 'Plano', 'TX', 'US', '75057', 'Paul Young', '(972) 347-1320', '(972) 347-2100', 'Microage@aol.com', '2017-01-31 23:39:32', '2017-01-31 23:39:32', 1),
('300002', '1', '670 Water Front Street Suite 2119', '', '', 'Carrollton', 'TX', 'US', '75007', 'Lisa Howard', '(972) 267-1327', '(972) 267-1448', 'Great_Angle@aol.com', '2017-01-31 23:40:15', '2017-01-31 23:40:15', 1),
('400001', '1', '忠孝東路三段210號2樓之4', '', '', '中山區', '台北市', '臺灣', '104', '李文利', '(02) 2336-1247', '(02) 2336-4211', 'Creative@SeedNet.com.tw', '2017-01-31 23:40:57', '2017-01-31 23:40:57', 1),
('400001', '2', '和平東路二段166號', '', '', '大安區', '台北市', '臺灣', '106', '吳鳳英', '(02) 2221-9975', '(02) 2221-4234', 'Wu@Creative.SeedNet.com.tw', '2017-01-31 23:41:39', '2017-01-31 23:41:39', 1),
('400001', '3', '中山北路一段257號', '', '', '大安區', '台北市', '臺灣', '106', '林經偉', '(02) 2346-7975', '(02) 2346-4577', 'Lching@creative.com.tw', '2017-01-31 23:42:17', '2017-01-31 23:42:17', 1),
('400002', '1', '羅斯福路三段40號7樓之8', '', '', '中山區', '台北市', '臺灣', '104', '吳昭和', '(02) 2366-7244', '(02) 2366-7422', 'Wu@ThunderBird.com.tw', '2017-01-31 23:42:59', '2017-01-31 23:42:59', 1),
('400002', '2', '仁愛路三段200號', '', '', '大安區', '台北市', '臺灣', '106', '王德域', '(02) 2346-8888', '(02) 2346-7801', 'Wang@ThunderBird.com.tw', '2017-01-31 23:44:02', '2017-01-31 23:44:02', 1),
('500001', '1', '新生南路二段320號6樓之3', '', '', '大安區', '台北市', '臺灣', '106', '陳逸麟', '(02) 2369-7722', '(02) 2369-5126', 'Chen@universal.com.tw', '2017-01-31 23:45:05', '2017-01-31 23:45:05', 1),
('500001', '2', '信義路三段68號', '', '', '松山區', '台北市', '臺灣', '105', '林經洋', '(02) 2344-5544', '(02) 2344-4777', 'Lin@universal.com.tw', '2017-01-31 23:45:42', '2017-01-31 23:45:42', 1),
('500001', '3', '文心路二段7號', '', '', '板橋區', '新北市', '臺灣', '234', '高郁凱', '(02) 2765-5678', '(02) 2765-9236', 'Goa@universal.com.tw', '2017-01-31 23:46:12', '2017-01-31 23:46:12', 1);

-- --------------------------------------------------------

--
-- 資料表結構 `CUSADDCITY`
--

CREATE TABLE `CUSADDCITY` (
  `CUSNO` varchar(15) COLLATE utf8_bin NOT NULL,
  `ADDNO` varchar(15) COLLATE utf8_bin NOT NULL,
  `CITYNO` varchar(15) COLLATE utf8_bin NOT NULL,
  `CUSNM` varchar(50) COLLATE utf8_bin NOT NULL,
  `CREATEDATE` datetime NOT NULL,
  `UPDATEDATE` datetime NOT NULL,
  `ACTCODE` tinyint(1) NOT NULL
) ENGINE=InnoDB DEFAULT CHARSET=utf8 COLLATE=utf8_bin COMMENT='顧客運送地址城市關係主檔';

--
-- 資料表的匯出資料 `CUSADDCITY`
--

INSERT INTO `CUSADDCITY` (`CUSNO`, `ADDNO`, `CITYNO`, `CUSNM`, `CREATEDATE`, `UPDATEDATE`, `ACTCODE`) VALUES
('100001', '1', 'RICHARDSON', 'Excellent Choice Corporation', '2017-02-01 01:03:08', '2017-02-01 03:04:43', 1),
('100001', '2', 'RICHARDSON', 'Excellent Choice Corporation', '2017-02-01 01:03:20', '2017-02-01 03:04:28', 1),
('200001', '1', 'DALLAS', 'ACA Technology Inc.', '2017-02-01 01:03:32', '2017-02-01 01:03:32', 1),
('200001', '2', 'PLANO', 'ACA Technology Inc.', '2017-02-01 01:03:39', '2017-02-01 01:03:39', 1),
('300001', '1', 'DALLAS', 'Microage Inc.', '2017-02-01 01:03:54', '2017-02-01 01:03:54', 1),
('300001', '2', 'PLANO', 'Microage Inc.', '2017-02-01 01:04:05', '2017-02-01 01:04:05', 1),
('300001', '3', 'PLANO', 'Microage Inc.', '2017-02-01 01:04:13', '2017-02-01 01:04:13', 1),
('300002', '1', 'CARROLLTON', 'Great Angle Technology, Inc.', '2017-02-02 12:07:06', '2017-02-02 12:07:06', 1),
('400001', '1', 'TAIPEI-N', '創意電腦科技股份有限公司', '2017-02-01 01:04:29', '2017-02-01 01:04:29', 1),
('400001', '2', 'TAIPEI-S', '創意電腦科技股份有限公司', '2017-02-01 01:04:35', '2017-02-01 01:04:35', 1),
('400001', '3', 'TAIPEI-N', '創意電腦科技股份有限公司', '2017-02-01 01:04:42', '2017-02-01 01:04:42', 1),
('400002', '1', 'TAIPEI-S', '雷鳥科技股份有限公司', '2017-02-01 01:04:54', '2017-02-01 01:04:54', 1),
('400002', '2', 'TAIPEI-N', '雷鳥科技股份有限公司', '2017-02-01 01:05:02', '2017-02-01 01:05:02', 1),
('500001', '1', 'TAIPEI-S', '環宇國際科技股份有限公司', '2017-02-01 01:05:15', '2017-02-01 01:05:15', 1),
('500001', '2', 'TAIPEI-N', '環宇國際科技股份有限公司', '2017-02-01 01:05:21', '2017-02-01 01:05:21', 1),
('500001', '3', 'TAIPEI-C', '環宇國際科技股份有限公司', '2017-02-01 01:05:28', '2017-02-01 01:05:28', 1);

-- --------------------------------------------------------

--
-- 資料表結構 `CUSCITY`
--

CREATE TABLE `CUSCITY` (
  `CITYNO` varchar(15) COLLATE utf8_bin NOT NULL,
  `CITYNM` varchar(50) COLLATE utf8_bin NOT NULL,
  `REGIONNO` varchar(15) COLLATE utf8_bin NOT NULL,
  `CREATEDATE` datetime NOT NULL,
  `UPDATEDATE` datetime NOT NULL,
  `ACTCODE` tinyint(1) NOT NULL
) ENGINE=InnoDB DEFAULT CHARSET=utf8 COLLATE=utf8_bin COMMENT='顧客城市主檔';

--
-- 資料表的匯出資料 `CUSCITY`
--

INSERT INTO `CUSCITY` (`CITYNO`, `CITYNM`, `REGIONNO`, `CREATEDATE`, `UPDATEDATE`, `ACTCODE`) VALUES
('CARROLLTON', 'Carrollton, Texas', 'USD002', '2017-01-31 19:49:39', '2017-01-31 19:49:39', 1),
('DALLAS', 'Dallas, Texas', 'USD001', '2017-01-31 19:47:41', '2017-02-01 03:03:45', 1),
('PLANO', 'Plano, Texas', 'USD002', '2017-01-31 19:49:26', '2017-02-01 03:03:36', 1),
('RICHARDSON', 'Richardson, Texas', 'USD001', '2017-01-31 19:49:01', '2017-01-31 19:49:01', 1),
('TAIPEI-C', '台北縣', 'TPE02', '2017-01-31 19:50:32', '2017-01-31 19:50:32', 1),
('TAIPEI-N', '台北市北區', 'TPE01', '2017-01-31 19:50:17', '2017-01-31 19:50:17', 1),
('TAIPEI-S', '台北市南區', 'TPE01', '2017-01-31 19:50:05', '2017-01-31 19:50:05', 1);

-- --------------------------------------------------------

--
-- 資料表結構 `CUSMAS`
--

CREATE TABLE `CUSMAS` (
  `CUSNO` varchar(15) COLLATE utf8_bin NOT NULL,
  `CUSNM` varchar(50) COLLATE utf8_bin NOT NULL,
  `ADDNO_1` varchar(15) COLLATE utf8_bin NOT NULL,
  `ADDNO_2` varchar(15) COLLATE utf8_bin DEFAULT NULL,
  `ADDNO_3` varchar(15) COLLATE utf8_bin DEFAULT NULL,
  `CITY` varchar(50) COLLATE utf8_bin DEFAULT NULL,
  `COUNTY` varchar(50) COLLATE utf8_bin DEFAULT NULL,
  `COUNTRY` varchar(50) COLLATE utf8_bin DEFAULT NULL,
  `ZCODE` varchar(15) COLLATE utf8_bin DEFAULT NULL,
  `CNTPER` varchar(50) COLLATE utf8_bin DEFAULT NULL,
  `TEL` varchar(15) COLLATE utf8_bin DEFAULT NULL,
  `FAX` varchar(15) COLLATE utf8_bin DEFAULT NULL,
  `EMAIL` varchar(50) COLLATE utf8_bin DEFAULT NULL,
  `WSITE` varchar(50) COLLATE utf8_bin DEFAULT NULL,
  `SALPERNO` varchar(15) COLLATE utf8_bin NOT NULL,
  `DFSHIPNO` varchar(15) COLLATE utf8_bin NOT NULL,
  `DFBILLNO` varchar(15) COLLATE utf8_bin NOT NULL,
  `SALEAMTYTD` double NOT NULL,
  `SALEAMTSTD` double NOT NULL,
  `SALEAMTMTD` double NOT NULL,
  `CURAR` double NOT NULL,
  `AR30_60` double NOT NULL,
  `AR60_90` double NOT NULL,
  `AR90_120` double NOT NULL,
  `M120AR` double NOT NULL,
  `SPEINS` varchar(50) COLLATE utf8_bin DEFAULT NULL,
  `CREDITSTAT` varchar(1) COLLATE utf8_bin NOT NULL,
  `TAXID` varchar(15) COLLATE utf8_bin DEFAULT NULL,
  `CREATEDATE` datetime NOT NULL,
  `UPDATEDATE` datetime NOT NULL,
  `ACTCODE` tinyint(1) NOT NULL
) ENGINE=InnoDB DEFAULT CHARSET=utf8 COLLATE=utf8_bin COMMENT='顧客資料主檔';

--
-- 資料表的匯出資料 `CUSMAS`
--

INSERT INTO `CUSMAS` (`CUSNO`, `CUSNM`, `ADDNO_1`, `ADDNO_2`, `ADDNO_3`, `CITY`, `COUNTY`, `COUNTRY`, `ZCODE`, `CNTPER`, `TEL`, `FAX`, `EMAIL`, `WSITE`, `SALPERNO`, `DFSHIPNO`, `DFBILLNO`, `SALEAMTYTD`, `SALEAMTSTD`, `SALEAMTMTD`, `CURAR`, `AR30_60`, `AR60_90`, `AR90_120`, `M120AR`, `SPEINS`, `CREDITSTAT`, `TAXID`, `CREATEDATE`, `UPDATEDATE`, `ACTCODE`) VALUES
('100001', 'Excellent Choice Corporation', '1', '2', '3', 'Richardson', 'TX', 'US', '75081', 'Sarah Miller', '(214) 479-6666', '(214) 479-1422', 'Exch@aol.com', 'http://Excell_Choice.com', '1', '1', '1', 0, 0, 0, 0, 0, 0, 0, 0, 'Inform Customer after shipping orders.', 'C', '', '2017-01-31 21:26:38', '2017-02-01 02:59:53', 1),
('200001', 'ACA Technology Inc.', '1', '2', '3', 'Dallas', 'TX', 'US', '75007', 'Meggy Kelly', '(972) 236-7128', '(972) 236-7142', 'ACA@aol.com', 'http://ACA_tech.com', '2', '1', '1', 0, 0, 0, 0, 0, 0, 0, 0, 'Inform Customer Shortage and Delay.', 'C', '', '2017-01-31 21:28:07', '2017-02-01 03:00:28', 1),
('300001', 'Microage Inc.', '1', '2', '3', 'Dallas', 'TX', 'US', '75041', 'Ethen Pan', '(972) 428-6523', '(972) 428-6511', 'Microage@aol.com', 'http://microage.com', '3', '1', '1', 0, 0, 0, 0, 0, 0, 0, 0, 'Customer needs new item information.', 'B', '', '2017-01-31 21:29:17', '2017-01-31 21:29:17', 1),
('300002', 'Great Angle Technology, Inc.', '1', '2', '3', 'Carrollton', 'TX', 'US', '75007', 'Lisa Howard', '(972) 267-1327', '(972) 267-1448', 'Great_Angle@aol.com', 'http://Great_Angle.com', '3', '1', '1', 0, 0, 0, 0, 0, 0, 0, 0, 'Pay within 1 week after the order shipped.', 'A', '', '2017-01-31 21:30:11', '2017-01-31 21:30:11', 1),
('400001', '創意電腦科技股份有限公司', '1', '2', '3', '中山區', '台北市', '臺灣', '104', '李文利', '(02) 2336-1247', '(02) 2336-4211', 'Creative@SeedNet.com.tw', 'http://creative.com.tw', '4', '1', '1', 0, 0, 0, 0, 0, 0, 0, 0, '請與顧客多接觸並介紹新產品', 'B', '', '2017-01-31 21:31:34', '2017-01-31 21:31:34', 1),
('400002', '雷鳥科技股份有限公司', '1', '2', '3', '中山區', '台北市', '臺灣', '104', '吳昭和', '(02) 2366-7244', '(02) 2366-7422', 'Wu@ThunderBird.com.tw', 'http://ThunderBird.com.tw', '4', '1', '1', 0, 0, 0, 0, 0, 0, 0, 0, '30天內交貨', 'A', '', '2017-01-31 21:32:26', '2017-01-31 21:32:26', 1),
('500001', '環宇國際科技股份有限公司', '1', '2', '3', '大安區', '台北市', '臺灣', '106', '陳逸麟', '(02) 2369-7722', '(02) 2369-5126', 'Chen@universal.com.tw', 'http://Universal Tech.com.tw', '5', '1', '1', 0, 0, 0, 0, 0, 0, 0, 0, '訂貨後三十天內送貨與付款', 'A', '', '2017-01-31 21:33:27', '2017-01-31 21:33:27', 1);

-- --------------------------------------------------------

--
-- 資料表結構 `CUSREGION`
--

CREATE TABLE `CUSREGION` (
  `REGIONNO` varchar(15) COLLATE utf8_bin NOT NULL,
  `CHANNELNO` varchar(15) COLLATE utf8_bin NOT NULL,
  `CHANNELNM` varchar(50) COLLATE utf8_bin NOT NULL,
  `COMPANYNO` varchar(15) COLLATE utf8_bin NOT NULL,
  `COMPANYNM` varchar(50) COLLATE utf8_bin NOT NULL,
  `DISTRICTNO` varchar(15) COLLATE utf8_bin DEFAULT NULL,
  `DESCRIPTION` varchar(50) COLLATE utf8_bin DEFAULT NULL,
  `CREATEDATE` datetime NOT NULL,
  `UPDATEDATE` datetime NOT NULL,
  `ACTCODE` tinyint(1) NOT NULL
) ENGINE=InnoDB DEFAULT CHARSET=utf8 COLLATE=utf8_bin COMMENT='顧客地區主檔';

--
-- 資料表的匯出資料 `CUSREGION`
--

INSERT INTO `CUSREGION` (`REGIONNO`, `CHANNELNO`, `CHANNELNM`, `COMPANYNO`, `COMPANYNM`, `DISTRICTNO`, `DESCRIPTION`, `CREATEDATE`, `UPDATEDATE`, `ACTCODE`) VALUES
('TPE01', 'S001', 'Store', 'C002', 'TW', 'TW01', 'Taiwan Taipei City District 1 Store', '2017-01-31 19:46:12', '2017-01-31 19:46:12', 1),
('TPE02', 'S001', 'Store', 'C002', 'TW', 'TW02', 'Taiwan Taipei County District 1 Store', '2017-01-31 19:46:46', '2017-01-31 19:46:46', 1),
('USD001', 'S001', 'Store', 'C001', 'US', 'US01', 'US District 1 Store', '2017-01-31 19:44:37', '2017-02-01 03:02:53', 1),
('USD002', 'S001', 'Store', 'C001', 'US', 'US02', 'US District 2 Store', '2017-01-31 19:45:25', '2017-02-01 03:02:58', 1);

-- --------------------------------------------------------

--
-- 資料表結構 `INVOICE`
--

CREATE TABLE `INVOICE` (
  `INVOICENO` varchar(15) COLLATE utf8_bin NOT NULL,
  `PCKLSTNO` varchar(15) COLLATE utf8_bin NOT NULL,
  `ORDNO` varchar(15) COLLATE utf8_bin NOT NULL,
  `CUSNO` varchar(15) COLLATE utf8_bin NOT NULL,
  `ITEMNO` varchar(15) COLLATE utf8_bin NOT NULL,
  `DATE_TRAN` date NOT NULL,
  `UNI_COST` double NOT NULL,
  `ITEMCLASS` varchar(2) COLLATE utf8_bin NOT NULL,
  `QTYTRAN` int(11) NOT NULL,
  `BASE_PRICE` double NOT NULL,
  `PRICE_CNT` double DEFAULT NULL,
  `PERCENTDIS` double DEFAULT NULL,
  `PRICE_SELL` double NOT NULL,
  `NET_SALES` double NOT NULL,
  `TAX_CODE` varchar(1) COLLATE utf8_bin NOT NULL,
  `DATE_REQ` date NOT NULL,
  `SHIP_ADD_NO` varchar(15) COLLATE utf8_bin NOT NULL,
  `BILL_ADD_NO` varchar(15) COLLATE utf8_bin NOT NULL,
  `REV_CODE` varchar(1) COLLATE utf8_bin NOT NULL,
  `DATE_L_MNT` date NOT NULL,
  `PRINTAG` varchar(1) COLLATE utf8_bin NOT NULL
) ENGINE=InnoDB DEFAULT CHARSET=utf8 COLLATE=utf8_bin COMMENT='銷售訂單發票交易檔';

-- --------------------------------------------------------

--
-- 資料表結構 `ITMBAL`
--

CREATE TABLE `ITMBAL` (
  `whouse` varchar(5) COLLATE utf8_bin NOT NULL,
  `itemno` varchar(20) COLLATE utf8_bin NOT NULL,
  `leadtmcode` varchar(1) COLLATE utf8_bin NOT NULL,
  `leadtmmnf` double NOT NULL,
  `leadtmpur` int(11) NOT NULL,
  `orderpoint` int(11) NOT NULL,
  `qtyfixord` int(11) NOT NULL,
  `saftystock` int(11) NOT NULL,
  `flrstockcd` varchar(1) COLLATE utf8_bin NOT NULL,
  `date_cre` date NOT NULL,
  `date_l_mnt` date NOT NULL,
  `qtysoldptd` int(11) NOT NULL,
  `qtyissptd` int(11) NOT NULL,
  `qtyrecptd` int(11) NOT NULL,
  `qtyscrptd` int(11) NOT NULL,
  `qtyadjptd` int(11) NOT NULL,
  `saleamtptd` double NOT NULL,
  `issamtptd` double NOT NULL,
  `recamtptd` double NOT NULL,
  `scramtptd` double NOT NULL,
  `adjamtptd` double NOT NULL,
  `qtysoldstd` int(11) NOT NULL,
  `qtyissstd` int(11) NOT NULL,
  `qtyrecstd` int(11) NOT NULL,
  `qtyscrstd` int(11) NOT NULL,
  `qtyadjstd` int(11) NOT NULL,
  `saleamtstd` double NOT NULL,
  `issamtstd` double NOT NULL,
  `recamtstd` double NOT NULL,
  `scramtstd` double NOT NULL,
  `adjamtstd` double NOT NULL,
  `qtysoldytd` int(11) NOT NULL,
  `qtyissytd` int(11) NOT NULL,
  `qtyrecytd` int(11) NOT NULL,
  `qtyscrytd` int(11) NOT NULL,
  `qtyadjytd` int(11) NOT NULL,
  `saleamtytd` double NOT NULL,
  `issamtytd` double NOT NULL,
  `recamtytd` double NOT NULL,
  `scramtytd` double NOT NULL,
  `adjamtytd` double NOT NULL,
  `qtyonhand` int(11) NOT NULL,
  `qtyphyinv` int(11) NOT NULL,
  `date_prupd` date DEFAULT NULL,
  `beginv` int(11) NOT NULL,
  `qtyonprd` int(11) NOT NULL,
  `qtyonpur` int(11) NOT NULL,
  `costamtytd` double NOT NULL,
  `costamtptd` double NOT NULL,
  `date_onhnd` date NOT NULL,
  `date_sales` date DEFAULT NULL,
  `date_l_iss` date DEFAULT NULL,
  `actcode` tinyint(4) NOT NULL
) ENGINE=InnoDB DEFAULT CHARSET=utf8 COLLATE=utf8_bin;

--
-- 資料表的匯出資料 `ITMBAL`
--

INSERT INTO `ITMBAL` (`whouse`, `itemno`, `leadtmcode`, `leadtmmnf`, `leadtmpur`, `orderpoint`, `qtyfixord`, `saftystock`, `flrstockcd`, `date_cre`, `date_l_mnt`, `qtysoldptd`, `qtyissptd`, `qtyrecptd`, `qtyscrptd`, `qtyadjptd`, `saleamtptd`, `issamtptd`, `recamtptd`, `scramtptd`, `adjamtptd`, `qtysoldstd`, `qtyissstd`, `qtyrecstd`, `qtyscrstd`, `qtyadjstd`, `saleamtstd`, `issamtstd`, `recamtstd`, `scramtstd`, `adjamtstd`, `qtysoldytd`, `qtyissytd`, `qtyrecytd`, `qtyscrytd`, `qtyadjytd`, `saleamtytd`, `issamtytd`, `recamtytd`, `scramtytd`, `adjamtytd`, `qtyonhand`, `qtyphyinv`, `date_prupd`, `beginv`, `qtyonprd`, `qtyonpur`, `costamtytd`, `costamtptd`, `date_onhnd`, `date_sales`, `date_l_iss`, `actcode`) VALUES
('A', 'Back-cover-1304', 'P', 0, 1, 50, 100, 20, 'U', '2016-05-16', '2016-05-17', 0, 0, 200, 0, 75, 0, 0, 2470, 0, 0, 0, 0, 200, 0, 75, 0, 0, 2470, 0, 926.25, 0, 0, 200, 0, 75, 0, 0, 2470, 0, 926.25, 125, 0, '0000-00-00', 0, 0, 0, 2470, 2470, '2016-05-17', '0000-00-00', '0000-00-00', 0),
('A', 'Back-cover-1305', 'P', 0, 1, 50, 100, 20, 'U', '2016-05-16', '2016-05-17', 0, 0, 200, 0, 70, 0, 0, 2600, 0, 0, 0, 0, 200, 0, 70, 0, 0, 2600, 0, 910, 0, 0, 200, 0, 70, 0, 0, 2600, 0, 910, 130, 0, '0000-00-00', 0, 0, 0, 2600, 2600, '2016-05-17', '0000-00-00', '0000-00-00', 0),
('A', 'Back-cover-1306', 'P', 0, 1, 50, 100, 20, 'U', '2016-05-16', '2016-05-17', 0, 0, 200, 0, 70, 0, 0, 2700, 0, 0, 0, 0, 200, 0, 70, 0, 0, 2700, 0, 945, 0, 0, 200, 0, 70, 0, 0, 2700, 0, 945, 130, 0, '0000-00-00', 0, 0, 0, 2700, 2700, '2016-05-17', '0000-00-00', '0000-00-00', 0),
('A', 'Back-cover-1307', 'P', 0, 1, 50, 100, 20, 'U', '2016-05-16', '2016-05-17', 0, 0, 200, 0, 65, 0, 0, 2400, 0, 0, 0, 0, 200, 0, 65, 0, 0, 2400, 0, 780, 0, 0, 200, 0, 65, 0, 0, 2400, 0, 780, 135, 0, '0000-00-00', 0, 0, 0, 2400, 2400, '2016-05-17', '0000-00-00', '0000-00-00', 0),
('A', 'Box-cpd1304', 'P', 0, 1, 100, 1000, 100, 'U', '2016-05-16', '2016-05-17', 0, 0, 1000, 0, 63, 0, 0, 11500, 0, 0, 0, 0, 1000, 0, 63, 0, 0, 11500, 0, 724.5, 0, 0, 1000, 0, 63, 0, 0, 11500, 0, 724.5, 937, 0, '0000-00-00', 0, 0, 0, 11500, 11500, '2016-05-17', '0000-00-00', '0000-00-00', 0),
('A', 'Box-cpd1305', 'P', 0, 1, 100, 1000, 100, 'U', '2016-05-16', '2016-05-17', 0, 0, 1000, 0, 57, 0, 0, 12000, 0, 0, 0, 0, 1000, 0, 57, 0, 0, 12000, 0, 684, 0, 0, 1000, 0, 57, 0, 0, 12000, 0, 684, 943, 0, '0000-00-00', 0, 0, 0, 12000, 12000, '2016-05-17', '0000-00-00', '0000-00-00', 0),
('A', 'Box-cpd1306', 'P', 0, 1, 100, 1000, 100, 'U', '2016-05-16', '2016-05-17', 0, 0, 1000, 0, 58, 0, 0, 15000, 0, 0, 0, 0, 1000, 0, 58, 0, 0, 15000, 0, 870, 0, 0, 1000, 0, 58, 0, 0, 15000, 0, 870, 942, 0, '0000-00-00', 0, 0, 0, 15000, 15000, '2016-05-17', '0000-00-00', '0000-00-00', 0),
('A', 'Box-cpd1307', 'P', 0, 1, 100, 1000, 100, 'U', '2016-05-16', '2016-05-17', 0, 0, 1000, 0, 54, 0, 0, 30000, 0, 0, 0, 0, 1000, 0, 54, 0, 0, 30000, 0, 1620, 0, 0, 1000, 0, 54, 0, 0, 30000, 0, 1620, 946, 0, '0000-00-00', 0, 0, 0, 30000, 30000, '2016-05-17', '0000-00-00', '0000-00-00', 0),
('A', 'Cable-Cord-1', 'P', 0, 1, 100, 1000, 100, 'U', '2016-05-16', '2016-05-17', 0, 0, 1000, 0, 280, 0, 0, 3220, 0, 0, 0, 0, 1000, 0, 280, 0, 0, 3220, 0, 901.6, 0, 0, 1000, 0, 280, 0, 0, 3220, 0, 901.6, 720, 0, '0000-00-00', 0, 0, 0, 3220, 3220, '2016-05-17', '0000-00-00', '0000-00-00', 0),
('A', 'IC-Back-1304', 'P', 0, 1, 50, 100, 20, 'U', '2016-05-16', '2016-05-17', 0, 0, 1000, 0, 75, 0, 0, 25670, 0, 0, 0, 0, 1000, 0, 75, 0, 0, 25670, 0, 1925.25, 0, 0, 1000, 0, 75, 0, 0, 25670, 0, 1925.25, 925, 0, '0000-00-00', 0, 0, 0, 25670, 25670, '2016-05-17', '0000-00-00', '0000-00-00', 0),
('A', 'IC-Back-1305', 'P', 0, 1, 50, 100, 20, 'U', '2016-05-16', '2016-05-17', 0, 0, 1000, 0, 70, 0, 0, 28000, 0, 0, 0, 0, 1000, 0, 70, 0, 0, 28000, 0, 1960, 0, 0, 1000, 0, 70, 0, 0, 28000, 0, 1960, 930, 0, '0000-00-00', 0, 0, 0, 28000, 28000, '2016-05-17', '0000-00-00', '0000-00-00', 0),
('A', 'IC-Back-1306', 'P', 0, 1, 50, 100, 20, 'U', '2016-05-16', '2016-05-17', 0, 0, 1000, 0, 70, 0, 0, 28500, 0, 0, 0, 0, 1000, 0, 70, 0, 0, 28500, 0, 1995, 0, 0, 1000, 0, 70, 0, 0, 28500, 0, 1995, 930, 0, '0000-00-00', 0, 0, 0, 28500, 28500, '2016-05-17', '0000-00-00', '0000-00-00', 0),
('A', 'IC-Back-1307', 'P', 0, 1, 50, 100, 20, 'U', '2016-05-16', '2016-05-17', 0, 0, 1000, 0, 70, 0, 0, 25000, 0, 0, 0, 0, 1000, 0, 70, 0, 0, 25000, 0, 1750, 0, 0, 1000, 0, 70, 0, 0, 25000, 0, 1750, 930, 0, '0000-00-00', 0, 0, 0, 25000, 25000, '2016-05-17', '0000-00-00', '0000-00-00', 0),
('A', 'IC-Front-1304', 'P', 0, 1, 50, 100, 20, 'U', '2016-05-16', '2016-05-17', 0, 0, 1000, 0, 75, 0, 0, 32120, 0, 0, 0, 0, 1000, 0, 75, 0, 0, 32120, 0, 2409, 0, 0, 1000, 0, 75, 0, 0, 32120, 0, 2409, 925, 0, '0000-00-00', 0, 0, 0, 32120, 32120, '2016-05-17', '0000-00-00', '0000-00-00', 0),
('A', 'IC-Front-1305', 'P', 0, 1, 50, 100, 20, 'U', '2016-05-16', '2016-05-17', 0, 0, 1000, 0, 70, 0, 0, 35000, 0, 0, 0, 0, 1000, 0, 70, 0, 0, 35000, 0, 2450, 0, 0, 1000, 0, 70, 0, 0, 35000, 0, 2450, 930, 0, '0000-00-00', 0, 0, 0, 35000, 35000, '2016-05-17', '0000-00-00', '0000-00-00', 0),
('A', 'IC-Front-1306', 'P', 0, 1, 50, 100, 20, 'U', '2016-05-16', '2016-05-17', 0, 0, 1000, 0, 70, 0, 0, 37000, 0, 0, 0, 0, 1000, 0, 70, 0, 0, 37000, 0, 2590, 0, 0, 1000, 0, 70, 0, 0, 37000, 0, 2590, 930, 0, '0000-00-00', 0, 0, 0, 37000, 37000, '2016-05-17', '0000-00-00', '0000-00-00', 0),
('A', 'IC-Front-1307', 'P', 0, 1, 50, 100, 20, 'U', '2016-05-16', '2016-05-17', 0, 0, 1000, 0, 65, 0, 0, 40000, 0, 0, 0, 0, 1000, 0, 65, 0, 0, 40000, 0, 2600, 0, 0, 1000, 0, 65, 0, 0, 40000, 0, 2600, 935, 0, '0000-00-00', 0, 0, 0, 40000, 40000, '2016-05-17', '0000-00-00', '0000-00-00', 0),
('A', 'IC-tube-1304', 'P', 0, 10, 50, 1, 10, 'U', '2016-05-16', '2016-05-17', 0, 0, 200, 0, 70, 0, 0, 4100, 0, 0, 0, 0, 200, 0, 70, 0, 0, 4100, 0, 1435, 0, 0, 200, 0, 70, 0, 0, 4100, 0, 1435, 130, 0, '0000-00-00', 0, 0, 0, 4100, 4100, '2016-05-17', '0000-00-00', '0000-00-00', 0),
('A', 'IC-tube-1305', 'P', 0, 10, 50, 1, 10, 'U', '2016-05-16', '2016-05-17', 0, 0, 200, 0, 70, 0, 0, 5000, 0, 0, 0, 0, 200, 0, 70, 0, 0, 5000, 0, 1750, 0, 0, 200, 0, 70, 0, 0, 5000, 0, 1750, 130, 0, '0000-00-00', 0, 0, 0, 5000, 5000, '2016-05-17', '0000-00-00', '0000-00-00', 0),
('A', 'IC-tube-1306', 'P', 0, 10, 50, 1, 10, 'U', '2016-05-16', '2016-05-17', 0, 0, 200, 0, 70, 0, 0, 5600, 0, 0, 0, 0, 200, 0, 70, 0, 0, 5600, 0, 1960, 0, 0, 200, 0, 70, 0, 0, 5600, 0, 1960, 130, 0, '0000-00-00', 0, 0, 0, 5600, 5600, '2016-05-17', '0000-00-00', '0000-00-00', 0),
('A', 'IC-tube-1307', 'P', 0, 10, 50, 1, 10, 'U', '2016-05-16', '2016-05-17', 0, 0, 200, 0, 70, 0, 0, 8000, 0, 0, 0, 0, 200, 0, 70, 0, 0, 8000, 0, 2800, 0, 0, 200, 0, 70, 0, 0, 8000, 0, 2800, 130, 0, '0000-00-00', 0, 0, 0, 8000, 8000, '2016-05-17', '0000-00-00', '0000-00-00', 0),
('A', 'Power-Cord-1', 'P', 0, 1, 100, 1000, 100, 'U', '2016-05-16', '2016-05-17', 0, 0, 1000, 0, 280, 0, 0, 2350, 0, 0, 0, 0, 1000, 0, 280, 0, 0, 2350, 0, 658, 0, 0, 1000, 0, 280, 0, 0, 2350, 0, 658, 720, 0, '0000-00-00', 0, 0, 0, 2350, 2350, '2016-05-17', '0000-00-00', '0000-00-00', 0),
('A', 'Powerswitch1304', 'P', 0, 1, 100, 1000, 100, 'U', '2016-05-16', '2016-05-17', 0, 0, 1000, 0, 75, 0, 0, 1200, 0, 0, 0, 0, 1000, 0, 75, 0, 0, 1200, 0, 90, 0, 0, 1000, 0, 75, 0, 0, 1200, 0, 90, 925, 0, '0000-00-00', 0, 0, 0, 1200, 1200, '2016-05-17', '0000-00-00', '0000-00-00', 0),
('A', 'Powerswitch1305', 'P', 0, 1, 100, 1000, 100, 'U', '2016-05-16', '2016-05-17', 0, 0, 1000, 0, 70, 0, 0, 2000, 0, 0, 0, 0, 1000, 0, 70, 0, 0, 2000, 0, 140, 0, 0, 1000, 0, 70, 0, 0, 2000, 0, 140, 930, 0, '0000-00-00', 0, 0, 0, 2000, 2000, '2016-05-17', '0000-00-00', '0000-00-00', 0),
('A', 'Powerswitch1306', 'P', 0, 1, 100, 1000, 100, 'U', '2016-05-16', '2016-05-17', 0, 0, 1000, 0, 70, 0, 0, 2200, 0, 0, 0, 0, 1000, 0, 70, 0, 0, 2200, 0, 154, 0, 0, 1000, 0, 70, 0, 0, 2200, 0, 154, 930, 0, '0000-00-00', 0, 0, 0, 2200, 2200, '2016-05-17', '0000-00-00', '0000-00-00', 0),
('A', 'Powerswitch1307', 'P', 0, 1, 100, 1000, 100, 'U', '2016-05-16', '2016-05-17', 0, 0, 1000, 0, 65, 0, 0, 2200, 0, 0, 0, 0, 1000, 0, 65, 0, 0, 2200, 0, 143, 0, 0, 1000, 0, 65, 0, 0, 2200, 0, 143, 935, 0, '0000-00-00', 0, 0, 0, 2200, 2200, '2016-05-17', '0000-00-00', '0000-00-00', 0),
('A', 'Screencover1304', 'P', 0, 1, 50, 100, 20, 'U', '2016-05-16', '2016-05-17', 0, 0, 200, 0, 75, 0, 0, 1090, 0, 0, 0, 0, 200, 0, 75, 0, 0, 1090, 0, 408.75, 0, 0, 200, 0, 75, 0, 0, 1090, 0, 408.75, 125, 0, '0000-00-00', 0, 0, 0, 1090, 1090, '2016-05-17', '0000-00-00', '0000-00-00', 0),
('A', 'Screencover1305', 'P', 0, 1, 50, 100, 20, 'U', '2016-05-16', '2016-05-17', 0, 0, 200, 0, 70, 0, 0, 1200, 0, 0, 0, 0, 200, 0, 70, 0, 0, 1200, 0, 420, 0, 0, 200, 0, 70, 0, 0, 1200, 0, 420, 130, 0, '0000-00-00', 0, 0, 0, 1200, 1200, '2016-05-17', '0000-00-00', '0000-00-00', 0),
('A', 'Screencover1306', 'P', 0, 1, 50, 100, 20, 'U', '2016-05-16', '2016-05-17', 0, 0, 200, 0, 70, 0, 0, 1300, 0, 0, 0, 0, 200, 0, 70, 0, 0, 1300, 0, 455, 0, 0, 200, 0, 70, 0, 0, 1300, 0, 455, 130, 0, '0000-00-00', 0, 0, 0, 1300, 1300, '2016-05-17', '0000-00-00', '0000-00-00', 0),
('A', 'Screencover1307', 'P', 0, 1, 50, 100, 20, 'U', '2016-05-16', '2016-05-17', 0, 0, 200, 0, 65, 0, 0, 1400, 0, 0, 0, 0, 200, 0, 65, 0, 0, 1400, 0, 455, 0, 0, 200, 0, 65, 0, 0, 1400, 0, 455, 135, 0, '0000-00-00', 0, 0, 0, 1400, 1400, '2016-05-17', '0000-00-00', '0000-00-00', 0),
('A', 'Screw-D-1', 'P', 0, 1, 100, 1000, 100, 'U', '2016-05-16', '2016-05-17', 0, 0, 1000, 0, 0, 0, 0, 20, 0, 0, 0, 0, 1000, 0, 0, 0, 0, 20, 0, 0, 0, 0, 1000, 0, 0, 0, 0, 20, 0, 0, 1000, 0, '0000-00-00', 0, 0, 0, 20, 20, '2016-05-17', '0000-00-00', '0000-00-00', 0),
('A', 'Screw-D-3', 'P', 0, 1, 100, 1000, 100, 'U', '2016-05-16', '2016-05-17', 0, 0, 1000, 0, 0, 0, 0, 40, 0, 0, 0, 0, 1000, 0, 0, 0, 0, 40, 0, 0, 0, 0, 1000, 0, 0, 0, 0, 40, 0, 0, 1000, 0, '0000-00-00', 0, 0, 0, 40, 40, '2016-05-17', '0000-00-00', '0000-00-00', 0),
('A', 'Switch-2-Button', 'P', 0, 1, 100, 1000, 100, 'U', '2016-05-16', '2016-05-17', 0, 0, 1000, 0, 0, 0, 0, 500, 0, 0, 0, 0, 1000, 0, 0, 0, 0, 500, 0, 0, 0, 0, 1000, 0, 0, 0, 0, 500, 0, 0, 1000, 0, '0000-00-00', 0, 0, 0, 500, 500, '2016-05-17', '0000-00-00', '0000-00-00', 0),
('A', 'Stand-cpd', 'P', 0, 1, 50, 100, 20, 'U', '2016-05-16', '2016-05-17', 0, 0, 500, 0, 237, 0, 0, 26000, 0, 0, 0, 0, 500, 0, 237, 0, 0, 26000, 0, 12324, 0, 0, 500, 0, 237, 0, 0, 26000, 0, 12324, 263, 0, '0000-00-00', 0, 0, 0, 26000, 26000, '2016-05-17', '0000-00-00', '0000-00-00', 0),
('A', 'Tube-kkk-17', 'P', 0, 10, 50, 1, 10, 'U', '2016-05-16', '2016-05-17', 0, 0, 100, 0, 70, 0, 0, 11287, 0, 0, 0, 0, 100, 0, 70, 0, 0, 11287, 0, 7900.9, 0, 0, 100, 0, 70, 0, 0, 11287, 0, 7900.9, 30, 0, '0000-00-00', 0, 0, 0, 11287, 11287, '2016-05-17', '0000-00-00', '0000-00-00', 0),
('A', 'Tube-kkk-20', 'P', 0, 10, 50, 1, 10, 'U', '2016-05-16', '2016-05-17', 0, 0, 100, 0, 70, 0, 0, 15050, 0, 0, 0, 0, 100, 0, 70, 0, 0, 15050, 0, 10535, 0, 0, 100, 0, 70, 0, 0, 15050, 0, 10535, 30, 0, '0000-00-00', 0, 0, 0, 15050, 15050, '2016-05-17', '0000-00-00', '0000-00-00', 0),
('A', 'Tube-kkk-21', 'P', 0, 10, 50, 1, 10, 'U', '2016-05-16', '2016-05-17', 0, 0, 200, 0, 140, 0, 0, 36040, 0, 0, 0, 0, 200, 0, 140, 0, 0, 36040, 0, 25228, 0, 0, 200, 0, 140, 0, 0, 36040, 0, 25228, 60, 0, '0000-00-00', 0, 0, 0, 36040, 36040, '2016-05-17', '0000-00-00', '0000-00-00', 0),
('A', 'Back-cover-6304', 'P', 0, 1, 50, 100, 20, 'U', '2016-05-16', '2016-05-17', 0, 0, 200, 0, 75, 0, 0, 2000, 0, 0, 0, 0, 200, 0, 75, 0, 0, 2000, 0, 750, 0, 0, 200, 0, 75, 0, 0, 2000, 0, 750, 125, 0, '0000-00-00', 0, 0, 0, 2000, 2000, '2016-05-17', '0000-00-00', '0000-00-00', 0),
('A', 'Back-cover-6305', 'P', 0, 1, 50, 100, 20, 'U', '2016-05-16', '2016-05-17', 0, 0, 200, 0, 70, 0, 0, 2000, 0, 0, 0, 0, 200, 0, 70, 0, 0, 2000, 0, 700, 0, 0, 200, 0, 70, 0, 0, 2000, 0, 700, 130, 0, '0000-00-00', 0, 0, 0, 2000, 2000, '2016-05-17', '0000-00-00', '0000-00-00', 0),
('A', 'Back-cover-6306', 'P', 0, 1, 50, 100, 20, 'U', '2016-05-16', '2016-05-17', 0, 0, 200, 0, 70, 0, 0, 2400, 0, 0, 0, 0, 200, 0, 70, 0, 0, 2400, 0, 840, 0, 0, 200, 0, 70, 0, 0, 2400, 0, 840, 130, 0, '0000-00-00', 0, 0, 0, 2400, 2400, '2016-05-17', '0000-00-00', '0000-00-00', 0),
('A', 'Back-cover-6307', 'P', 0, 1, 50, 100, 20, 'U', '2016-05-16', '2016-05-17', 0, 0, 200, 0, 65, 0, 0, 2400, 0, 0, 0, 0, 200, 0, 65, 0, 0, 2400, 0, 780, 0, 0, 200, 0, 65, 0, 0, 2400, 0, 780, 135, 0, '0000-00-00', 0, 0, 0, 2400, 2400, '2016-05-17', '0000-00-00', '0000-00-00', 0),
('A', 'Box-lcd-6304', 'P', 0, 1, 100, 1000, 100, 'U', '2016-05-16', '2016-05-17', 0, 0, 1000, 0, 63, 0, 0, 12000, 0, 0, 0, 0, 1000, 0, 63, 0, 0, 12000, 0, 756, 0, 0, 1000, 0, 63, 0, 0, 12000, 0, 756, 937, 0, '0000-00-00', 0, 0, 0, 12000, 12000, '2016-05-17', '0000-00-00', '0000-00-00', 0),
('A', 'Box-lcd-6305', 'P', 0, 1, 100, 1000, 100, 'U', '2016-05-16', '2016-05-17', 0, 0, 1000, 0, 57, 0, 0, 12000, 0, 0, 0, 0, 1000, 0, 57, 0, 0, 12000, 0, 684, 0, 0, 1000, 0, 57, 0, 0, 12000, 0, 684, 943, 0, '0000-00-00', 0, 0, 0, 12000, 12000, '2016-05-17', '0000-00-00', '0000-00-00', 0),
('A', 'Box-lcd-6306', 'P', 0, 1, 100, 1000, 100, 'U', '2016-05-16', '2016-05-17', 0, 0, 1000, 0, 58, 0, 0, 25000, 0, 0, 0, 0, 1000, 0, 58, 0, 0, 25000, 0, 1450, 0, 0, 1000, 0, 58, 0, 0, 25000, 0, 1450, 942, 0, '0000-00-00', 0, 0, 0, 25000, 25000, '2016-05-17', '0000-00-00', '0000-00-00', 0),
('A', 'Box-lcd-6307', 'P', 0, 1, 100, 1000, 100, 'U', '2016-05-16', '2016-05-17', 0, 0, 1000, 0, 54, 0, 0, 30000, 0, 0, 0, 0, 1000, 0, 54, 0, 0, 30000, 0, 1620, 0, 0, 1000, 0, 54, 0, 0, 30000, 0, 1620, 946, 0, '0000-00-00', 0, 0, 0, 30000, 30000, '2016-05-17', '0000-00-00', '0000-00-00', 0),
('A', 'Cable-Cord-2', 'P', 0, 1, 100, 1000, 100, 'U', '2016-05-16', '2016-05-17', 0, 0, 1000, 0, 280, 0, 0, 7000, 0, 0, 0, 0, 1000, 0, 280, 0, 0, 7000, 0, 1960, 0, 0, 1000, 0, 280, 0, 0, 7000, 0, 1960, 720, 0, '0000-00-00', 0, 0, 0, 7000, 7000, '2016-05-17', '0000-00-00', '0000-00-00', 0),
('A', 'IC-Back-6304', 'P', 0, 1, 50, 100, 20, 'U', '2016-05-16', '2016-05-17', 0, 0, 1000, 0, 75, 0, 0, 25000, 0, 0, 0, 0, 1000, 0, 75, 0, 0, 25000, 0, 1875, 0, 0, 1000, 0, 75, 0, 0, 25000, 0, 1875, 925, 0, '0000-00-00', 0, 0, 0, 25000, 25000, '2016-05-17', '0000-00-00', '0000-00-00', 0),
('A', 'IC-Back-6305', 'P', 0, 1, 50, 100, 20, 'U', '2016-05-16', '2016-05-17', 0, 0, 1000, 0, 70, 0, 0, 25000, 0, 0, 0, 0, 1000, 0, 70, 0, 0, 25000, 0, 1750, 0, 0, 1000, 0, 70, 0, 0, 25000, 0, 1750, 930, 0, '0000-00-00', 0, 0, 0, 25000, 25000, '2016-05-17', '0000-00-00', '0000-00-00', 0),
('A', 'IC-Back-6306', 'P', 0, 1, 50, 100, 20, 'U', '2016-05-16', '2016-05-17', 0, 0, 1000, 0, 70, 0, 0, 30000, 0, 0, 0, 0, 1000, 0, 70, 0, 0, 30000, 0, 2100, 0, 0, 1000, 0, 70, 0, 0, 30000, 0, 2100, 930, 0, '0000-00-00', 0, 0, 0, 30000, 30000, '2016-05-17', '0000-00-00', '0000-00-00', 0),
('A', 'IC-Back-6307', 'P', 0, 1, 50, 100, 20, 'U', '2016-05-16', '2016-05-17', 0, 0, 1000, 0, 65, 0, 0, 30000, 0, 0, 0, 0, 1000, 0, 65, 0, 0, 30000, 0, 1950, 0, 0, 1000, 0, 65, 0, 0, 30000, 0, 1950, 935, 0, '0000-00-00', 0, 0, 0, 30000, 30000, '2016-05-17', '0000-00-00', '0000-00-00', 0),
('A', 'IC-Front-6304', 'P', 0, 1, 50, 100, 20, 'U', '2016-05-16', '2016-05-17', 0, 0, 1000, 0, 75, 0, 0, 35000, 0, 0, 0, 0, 1000, 0, 75, 0, 0, 35000, 0, 2625, 0, 0, 1000, 0, 75, 0, 0, 35000, 0, 2625, 925, 0, '0000-00-00', 0, 0, 0, 35000, 35000, '2016-05-17', '0000-00-00', '0000-00-00', 0),
('A', 'IC-Front-6305', 'P', 0, 1, 50, 100, 20, 'U', '2016-05-16', '2016-05-17', 0, 0, 1000, 0, 70, 0, 0, 35000, 0, 0, 0, 0, 1000, 0, 70, 0, 0, 35000, 0, 2450, 0, 0, 1000, 0, 70, 0, 0, 35000, 0, 2450, 930, 0, '0000-00-00', 0, 0, 0, 35000, 35000, '2016-05-17', '0000-00-00', '0000-00-00', 0),
('A', 'IC-Front-6306', 'P', 0, 1, 50, 100, 20, 'U', '2016-05-16', '2016-05-17', 0, 0, 1000, 0, 70, 0, 0, 40000, 0, 0, 0, 0, 1000, 0, 70, 0, 0, 40000, 0, 2800, 0, 0, 1000, 0, 70, 0, 0, 40000, 0, 2800, 930, 0, '0000-00-00', 0, 0, 0, 40000, 40000, '2016-05-17', '0000-00-00', '0000-00-00', 0),
('A', 'IC-Front-6307', 'P', 0, 1, 50, 100, 20, 'U', '2016-05-16', '2016-05-17', 0, 0, 1000, 0, 65, 0, 0, 40000, 0, 0, 0, 0, 1000, 0, 65, 0, 0, 40000, 0, 2600, 0, 0, 1000, 0, 65, 0, 0, 40000, 0, 2600, 935, 0, '0000-00-00', 0, 0, 0, 40000, 40000, '2016-05-17', '0000-00-00', '0000-00-00', 0),
('A', 'IC-lcd-6304', 'P', 0, 10, 50, 1, 10, 'U', '2016-05-16', '2016-05-17', 0, 0, 200, 0, 70, 0, 0, 4000, 0, 0, 0, 0, 200, 0, 70, 0, 0, 4000, 0, 1400, 0, 0, 200, 0, 70, 0, 0, 4000, 0, 1400, 130, 0, '0000-00-00', 0, 0, 0, 4000, 4000, '2016-05-17', '0000-00-00', '0000-00-00', 0),
('A', 'IC-lcd-6305', 'P', 0, 10, 50, 1, 10, 'U', '2016-05-16', '2016-05-17', 0, 0, 200, 0, 70, 0, 0, 5000, 0, 0, 0, 0, 200, 0, 70, 0, 0, 5000, 0, 1750, 0, 0, 200, 0, 70, 0, 0, 5000, 0, 1750, 130, 0, '0000-00-00', 0, 0, 0, 5000, 5000, '2016-05-17', '0000-00-00', '0000-00-00', 0),
('A', 'IC-lcd-6306', 'P', 0, 10, 50, 1, 10, 'U', '2016-05-16', '2016-05-17', 0, 0, 200, 0, 70, 0, 0, 6000, 0, 0, 0, 0, 200, 0, 70, 0, 0, 6000, 0, 2100, 0, 0, 200, 0, 70, 0, 0, 6000, 0, 2100, 130, 0, '0000-00-00', 0, 0, 0, 6000, 6000, '2016-05-17', '0000-00-00', '0000-00-00', 0),
('A', 'IC-lcd-6307', 'P', 0, 10, 50, 1, 10, 'U', '2016-05-16', '2016-05-17', 0, 0, 200, 0, 70, 0, 0, 8000, 0, 0, 0, 0, 200, 0, 70, 0, 0, 8000, 0, 2800, 0, 0, 200, 0, 70, 0, 0, 8000, 0, 2800, 130, 0, '0000-00-00', 0, 0, 0, 8000, 8000, '2016-05-17', '0000-00-00', '0000-00-00', 0),
('A', 'LCD-www-17', 'P', 0, 10, 50, 1, 10, 'U', '2016-05-16', '2016-05-17', 0, 0, 100, 0, 70, 0, 0, 10000, 0, 0, 0, 0, 100, 0, 70, 0, 0, 10000, 0, 7000, 0, 0, 100, 0, 70, 0, 0, 10000, 0, 7000, 30, 0, '0000-00-00', 0, 0, 0, 10000, 10000, '2016-05-17', '0000-00-00', '0000-00-00', 0),
('A', 'LCD-www-19', 'P', 0, 10, 50, 1, 10, 'U', '2016-05-16', '2016-05-17', 0, 0, 100, 0, 70, 0, 0, 11000, 0, 0, 0, 0, 100, 0, 70, 0, 0, 11000, 0, 7700, 0, 0, 100, 0, 70, 0, 0, 11000, 0, 7700, 30, 0, '0000-00-00', 0, 0, 0, 11000, 11000, '2016-05-17', '0000-00-00', '0000-00-00', 0),
('A', 'LCD-www-20', 'P', 0, 10, 50, 1, 10, 'U', '2016-05-16', '2016-05-17', 0, 0, 100, 0, 70, 0, 0, 12000, 0, 0, 0, 0, 100, 0, 70, 0, 0, 12000, 0, 8400, 0, 0, 100, 0, 70, 0, 0, 12000, 0, 8400, 30, 0, '0000-00-00', 0, 0, 0, 12000, 12000, '2016-05-17', '0000-00-00', '0000-00-00', 0),
('A', 'LCD-www-21', 'P', 0, 10, 50, 1, 10, 'U', '2016-05-16', '2016-05-17', 0, 0, 100, 0, 70, 0, 0, 15000, 0, 0, 0, 0, 100, 0, 70, 0, 0, 15000, 0, 10500, 0, 0, 100, 0, 70, 0, 0, 15000, 0, 10500, 30, 0, '0000-00-00', 0, 0, 0, 15000, 15000, '2016-05-17', '0000-00-00', '0000-00-00', 0),
('A', 'Power-Cord-2', 'P', 0, 1, 100, 1000, 100, 'U', '2016-05-16', '2016-05-17', 0, 0, 1000, 0, 280, 0, 0, 3000, 0, 0, 0, 0, 1000, 0, 280, 0, 0, 3000, 0, 840, 0, 0, 1000, 0, 280, 0, 0, 3000, 0, 840, 720, 0, '0000-00-00', 0, 0, 0, 3000, 3000, '2016-05-17', '0000-00-00', '0000-00-00', 0),
('A', 'Powerswitch6304', 'P', 0, 1, 100, 1000, 100, 'U', '2016-05-16', '2016-05-17', 0, 0, 1000, 0, 75, 0, 0, 1000, 0, 0, 0, 0, 1000, 0, 75, 0, 0, 1000, 0, 75, 0, 0, 1000, 0, 75, 0, 0, 1000, 0, 75, 925, 0, '0000-00-00', 0, 0, 0, 1000, 1000, '2016-05-17', '0000-00-00', '0000-00-00', 0),
('A', 'Powerswitch6305', 'P', 0, 1, 100, 1000, 100, 'U', '2016-05-16', '2016-05-17', 0, 0, 1000, 0, 70, 0, 0, 1000, 0, 0, 0, 0, 1000, 0, 70, 0, 0, 1000, 0, 70, 0, 0, 1000, 0, 70, 0, 0, 1000, 0, 70, 930, 0, '0000-00-00', 0, 0, 0, 1000, 1000, '2016-05-17', '0000-00-00', '0000-00-00', 0),
('A', 'Powerswitch6306', 'P', 0, 1, 100, 1000, 100, 'U', '2016-05-16', '2016-05-17', 0, 0, 1000, 0, 70, 0, 0, 2000, 0, 0, 0, 0, 1000, 0, 70, 0, 0, 2000, 0, 140, 0, 0, 1000, 0, 70, 0, 0, 2000, 0, 140, 930, 0, '0000-00-00', 0, 0, 0, 2000, 2000, '2016-05-17', '0000-00-00', '0000-00-00', 0),
('A', 'Powerswitch6307', 'P', 0, 1, 100, 1000, 100, 'U', '2016-05-16', '2016-05-17', 0, 0, 1000, 0, 65, 0, 0, 2000, 0, 0, 0, 0, 1000, 0, 65, 0, 0, 2000, 0, 130, 0, 0, 1000, 0, 65, 0, 0, 2000, 0, 130, 935, 0, '0000-00-00', 0, 0, 0, 2000, 2000, '2016-05-17', '0000-00-00', '0000-00-00', 0),
('A', 'Screencover6304', 'P', 0, 1, 50, 100, 20, 'U', '2016-05-16', '2016-05-17', 0, 0, 200, 0, 75, 0, 0, 1200, 0, 0, 0, 0, 200, 0, 75, 0, 0, 1200, 0, 450, 0, 0, 200, 0, 75, 0, 0, 1200, 0, 450, 125, 0, '0000-00-00', 0, 0, 0, 1200, 1200, '2016-05-17', '0000-00-00', '0000-00-00', 0),
('A', 'Screencover6305', 'P', 0, 1, 50, 100, 20, 'U', '2016-05-16', '2016-05-17', 0, 0, 200, 0, 70, 0, 0, 1200, 0, 0, 0, 0, 200, 0, 70, 0, 0, 1200, 0, 420, 0, 0, 200, 0, 70, 0, 0, 1200, 0, 420, 130, 0, '0000-00-00', 0, 0, 0, 1200, 1200, '2016-05-17', '0000-00-00', '0000-00-00', 0),
('A', 'Screencover6306', 'P', 0, 1, 50, 100, 20, 'U', '2016-05-16', '2016-05-17', 0, 0, 200, 0, 70, 0, 0, 1600, 0, 0, 0, 0, 200, 0, 70, 0, 0, 1600, 0, 560, 0, 0, 200, 0, 70, 0, 0, 1600, 0, 560, 130, 0, '0000-00-00', 0, 0, 0, 1600, 1600, '2016-05-17', '0000-00-00', '0000-00-00', 0),
('A', 'Screencover6307', 'P', 0, 1, 50, 100, 20, 'U', '2016-05-16', '2016-05-17', 0, 0, 200, 0, 65, 0, 0, 1600, 0, 0, 0, 0, 200, 0, 65, 0, 0, 1600, 0, 520, 0, 0, 200, 0, 65, 0, 0, 1600, 0, 520, 135, 0, '0000-00-00', 0, 0, 0, 1600, 1600, '2016-05-17', '0000-00-00', '0000-00-00', 0),
('A', 'Stand-lcd', 'P', 0, 1, 50, 100, 20, 'U', '2016-05-16', '2016-05-17', 0, 0, 500, 0, 232, 0, 0, 25000, 0, 0, 0, 0, 500, 0, 232, 0, 0, 25000, 0, 11600, 0, 0, 500, 0, 232, 0, 0, 25000, 0, 11600, 268, 0, '0000-00-00', 0, 0, 0, 25000, 25000, '2016-05-17', '0000-00-00', '0000-00-00', 0),
('B', 'Back-Pack-1304', 'M', 5, 1, 15, 10, 10, 'C', '2016-05-16', '2016-05-17', 0, 71, 76, 0, 0, 0, 6600.87, 7065.72, 0, 0, 0, 71, 76, 0, 0, 0, 6600.87, 7065.72, 0, 0, 0, 71, 76, 0, 0, 0, 6600.87, 7065.72, 0, 0, 5, 0, '0000-00-00', 0, 0, 0, 13666.59, 13666.59, '2016-05-17', '0000-00-00', '2016-05-17', 0),
('B', 'Back-cover-1304', 'P', 0, 1, 50, 100, 20, 'C', '2016-05-16', '2016-05-17', 0, 75, 0, 0, 75, 0, 926.25, 0, 0, 0, 0, 75, 0, 0, 75, 0, 926.25, 0, 0, 926.25, 0, 75, 0, 0, 75, 0, 926.25, 0, 0, 926.25, 0, 0, '0000-00-00', 0, 0, 0, 926.25, 926.25, '2016-05-17', '0000-00-00', '2016-05-17', 0),
('B', 'Back-cover-1305', 'P', 0, 1, 50, 100, 20, 'C', '2016-05-16', '2016-05-17', 0, 70, 0, 0, 70, 0, 910, 0, 0, 0, 0, 70, 0, 0, 70, 0, 910, 0, 0, 910, 0, 70, 0, 0, 70, 0, 910, 0, 0, 910, 0, 0, '0000-00-00', 0, 0, 0, 910, 910, '2016-05-17', '0000-00-00', '2016-05-17', 0),
('B', 'Back-cover-1306', 'P', 0, 1, 50, 100, 20, 'C', '2016-05-16', '2016-05-17', 0, 70, 0, 0, 70, 0, 945, 0, 0, 0, 0, 70, 0, 0, 70, 0, 945, 0, 0, 945, 0, 70, 0, 0, 70, 0, 945, 0, 0, 945, 0, 0, '0000-00-00', 0, 0, 0, 945, 945, '2016-05-17', '0000-00-00', '2016-05-17', 0),
('B', 'Back-cover-1307', 'P', 0, 1, 50, 100, 20, 'C', '2016-05-16', '2016-05-17', 0, 65, 0, 0, 65, 0, 780, 0, 0, 0, 0, 65, 0, 0, 65, 0, 780, 0, 0, 780, 0, 65, 0, 0, 65, 0, 780, 0, 0, 780, 0, 0, '0000-00-00', 0, 0, 0, 780, 780, '2016-05-17', '0000-00-00', '2016-05-17', 0),
('B', 'Back-Pack-1305', 'M', 5, 0, 15, 10, 10, 'C', '2016-05-16', '2016-05-17', 0, 69, 69, 0, 0, 0, 7469.25, 7469.25, 0, 0, 0, 69, 69, 0, 0, 0, 7469.25, 7469.25, 0, 0, 0, 69, 69, 0, 0, 0, 7469.25, 7469.25, 0, 0, 0, 0, '0000-00-00', 0, 0, 0, 14938.5, 14938.5, '2016-05-17', '0000-00-00', '2016-05-17', 0),
('B', 'Back-Pack-1306', 'M', 5, 0, 15, 10, 10, 'C', '2016-05-16', '2016-05-17', 0, 66, 69, 0, 0, 0, 6882.48, 7195.32, 0, 0, 0, 66, 69, 0, 0, 0, 6882.48, 7195.32, 0, 0, 0, 66, 69, 0, 0, 0, 6882.48, 7195.32, 0, 0, 3, 0, '0000-00-00', 0, 0, 0, 14077.8, 14077.8, '2016-05-17', '0000-00-00', '2016-05-17', 0),
('B', 'Back-Pack-1307', 'M', 5, 0, 15, 10, 10, 'C', '2016-05-16', '2016-05-17', 0, 65, 65, 0, 0, 0, 7819.5, 7819.5, 0, 0, 0, 65, 65, 0, 0, 0, 7819.5, 7819.5, 0, 0, 0, 65, 65, 0, 0, 0, 7819.5, 7819.5, 0, 0, 0, 0, '0000-00-00', 0, 0, 0, 15639, 15639, '2016-05-17', '0000-00-00', '2016-05-17', 0),
('B', 'Box-cpd1304', 'P', 0, 1, 100, 1000, 80, 'U', '2016-05-16', '2016-05-17', 0, 63, 0, 0, 63, 0, 724.5, 0, 0, 0, 0, 63, 0, 0, 63, 0, 724.5, 0, 0, 724.5, 0, 63, 0, 0, 63, 0, 724.5, 0, 0, 724.5, 0, 0, '0000-00-00', 0, 0, 0, 724.5, 724.5, '2016-05-17', '0000-00-00', '2016-05-17', 0),
('B', 'Box-cpd1305', 'P', 0, 1, 100, 1000, 80, 'U', '2016-05-16', '2016-05-17', 0, 57, 0, 0, 57, 0, 684, 0, 0, 0, 0, 57, 0, 0, 57, 0, 684, 0, 0, 684, 0, 57, 0, 0, 57, 0, 684, 0, 0, 684, 0, 0, '0000-00-00', 0, 0, 0, 684, 684, '2016-05-17', '0000-00-00', '2016-05-17', 0),
('B', 'Box-cpd1306', 'P', 0, 1, 100, 1000, 80, 'U', '2016-05-16', '2016-05-17', 0, 58, 0, 0, 58, 0, 870, 0, 0, 0, 0, 58, 0, 0, 58, 0, 870, 0, 0, 870, 0, 58, 0, 0, 58, 0, 870, 0, 0, 870, 0, 0, '0000-00-00', 0, 0, 0, 870, 870, '2016-05-17', '0000-00-00', '2016-05-17', 0),
('B', 'Box-cpd1307', 'P', 0, 1, 100, 1000, 80, 'U', '2016-05-16', '2016-05-17', 0, 54, 0, 0, 54, 0, 1620, 0, 0, 0, 0, 54, 0, 0, 54, 0, 1620, 0, 0, 1620, 0, 54, 0, 0, 54, 0, 1620, 0, 0, 1620, 0, 0, '0000-00-00', 0, 0, 0, 1620, 1620, '2016-05-17', '0000-00-00', '2016-05-17', 0),
('B', 'Power-Cord-1', 'P', 0, 1, 50, 100, 20, 'C', '2016-05-16', '2016-05-17', 0, 280, 0, 0, 280, 0, 658, 0, 0, 0, 0, 280, 0, 0, 280, 0, 658, 0, 0, 658, 0, 280, 0, 0, 280, 0, 658, 0, 0, 658, 0, 0, '0000-00-00', 0, 0, 0, 658, 658, '2016-05-17', '0000-00-00', '2016-05-17', 0),
('B', 'Front-Pack-1304', 'M', 5, 0, 15, 10, 10, 'C', '2016-05-16', '2016-05-17', 0, 73, 75, 0, 0, 0, 6639.35, 6821.25, 0, 0, 0, 73, 75, 0, 0, 0, 6639.35, 6821.25, 0, 0, 0, 73, 75, 0, 0, 0, 6639.35, 6821.25, 0, 0, 2, 0, '0000-00-00', 0, 0, 0, 13460.6, 13460.6, '2016-05-17', '0000-00-00', '2016-05-17', 0),
('B', 'Front-Pack-1305', 'M', 5, 0, 15, 10, 10, 'C', '2016-05-16', '2016-05-17', 0, 70, 70, 0, 0, 0, 6816.6, 6816.6, 0, 0, 0, 70, 70, 0, 0, 0, 6816.6, 6816.6, 0, 0, 0, 70, 70, 0, 0, 0, 6816.6, 6816.6, 0, 0, 0, 0, '0000-00-00', 0, 0, 0, 13633.2, 13633.2, '2016-05-17', '0000-00-00', '2016-05-17', 0),
('B', 'Front-Pack-1306', 'M', 5, 0, 15, 10, 10, 'C', '2016-05-16', '2016-05-17', 0, 66, 66, 0, 0, 0, 6508.92, 6508.92, 0, 0, 0, 66, 66, 0, 0, 0, 6508.92, 6508.92, 0, 0, 0, 66, 66, 0, 0, 0, 6508.92, 6508.92, 0, 0, 0, 0, '0000-00-00', 0, 0, 0, 13017.84, 13017.84, '2016-05-17', '0000-00-00', '2016-05-17', 0),
('B', 'Front-Pack-1307', 'M', 5, 0, 15, 10, 10, 'C', '2016-05-16', '2016-05-17', 0, 61, 61, 0, 0, 0, 7000.36, 7000.36, 0, 0, 0, 61, 61, 0, 0, 0, 7000.36, 7000.36, 0, 0, 0, 61, 61, 0, 0, 0, 7000.36, 7000.36, 0, 0, 0, 0, '0000-00-00', 0, 0, 0, 14000.72, 14000.72, '2016-05-17', '0000-00-00', '2016-05-17', 0),
('B', 'IC-Back-1304', 'P', 0, 1, 50, 100, 20, 'C', '2016-05-16', '2016-05-17', 0, 75, 0, 0, 75, 0, 1925.25, 0, 0, 0, 0, 75, 0, 0, 75, 0, 1925.25, 0, 0, 1925.25, 0, 75, 0, 0, 75, 0, 1925.25, 0, 0, 1925.25, 0, 0, '0000-00-00', 0, 0, 0, 1925.25, 1925.25, '2016-05-17', '0000-00-00', '2016-05-17', 0),
('B', 'IC-Back-1305', 'P', 0, 1, 50, 100, 20, 'C', '2016-05-16', '2016-05-17', 0, 70, 0, 0, 70, 0, 1960, 0, 0, 0, 0, 70, 0, 0, 70, 0, 1960, 0, 0, 1960, 0, 70, 0, 0, 70, 0, 1960, 0, 0, 1960, 0, 0, '0000-00-00', 0, 0, 0, 1960, 1960, '2016-05-17', '0000-00-00', '2016-05-17', 0),
('B', 'IC-Back-1306', 'P', 0, 1, 50, 100, 20, 'C', '2016-05-16', '2016-05-17', 0, 70, 0, 0, 70, 0, 1995, 0, 0, 0, 0, 70, 0, 0, 70, 0, 1995, 0, 0, 1995, 0, 70, 0, 0, 70, 0, 1995, 0, 0, 1995, 0, 0, '0000-00-00', 0, 0, 0, 1995, 1995, '2016-05-17', '0000-00-00', '2016-05-17', 0),
('B', 'IC-Back-1307', 'P', 0, 1, 50, 100, 20, 'C', '2016-05-16', '2016-05-17', 0, 65, 0, 0, 70, 0, 1625, 0, 0, 0, 0, 65, 0, 0, 70, 0, 1625, 0, 0, 1750, 0, 65, 0, 0, 70, 0, 1625, 0, 0, 1750, 5, 0, '0000-00-00', 0, 0, 0, 1625, 1625, '2016-05-17', '0000-00-00', '2016-05-17', 0),
('B', 'IC-Front-1304', 'P', 0, 1, 50, 100, 20, 'C', '2016-05-16', '2016-05-17', 0, 75, 0, 0, 75, 0, 2409, 0, 0, 0, 0, 75, 0, 0, 75, 0, 2409, 0, 0, 2409, 0, 75, 0, 0, 75, 0, 2409, 0, 0, 2409, 0, 0, '0000-00-00', 0, 0, 0, 2409, 2409, '2016-05-17', '0000-00-00', '2016-05-17', 0),
('B', 'IC-Front-1305', 'P', 0, 1, 50, 100, 20, 'C', '2016-05-16', '2016-05-17', 0, 70, 0, 0, 70, 0, 2450, 0, 0, 0, 0, 70, 0, 0, 70, 0, 2450, 0, 0, 2450, 0, 70, 0, 0, 70, 0, 2450, 0, 0, 2450, 0, 0, '0000-00-00', 0, 0, 0, 2450, 2450, '2016-05-17', '0000-00-00', '2016-05-17', 0),
('B', 'IC-Front-1306', 'P', 0, 1, 50, 100, 20, 'C', '2016-05-16', '2016-05-17', 0, 70, 0, 0, 70, 0, 2590, 0, 0, 0, 0, 70, 0, 0, 70, 0, 2590, 0, 0, 2590, 0, 70, 0, 0, 70, 0, 2590, 0, 0, 2590, 0, 0, '0000-00-00', 0, 0, 0, 2590, 2590, '2016-05-17', '0000-00-00', '2016-05-17', 0),
('B', 'IC-Front-1307', 'P', 0, 1, 50, 100, 20, 'C', '2016-05-16', '2016-05-17', 0, 65, 0, 0, 65, 0, 2600, 0, 0, 0, 0, 65, 0, 0, 65, 0, 2600, 0, 0, 2600, 0, 65, 0, 0, 65, 0, 2600, 0, 0, 2600, 0, 0, '0000-00-00', 0, 0, 0, 2600, 2600, '2016-05-17', '0000-00-00', '2016-05-17', 0),
('B', 'IC-tube-1304', 'P', 0, 10, 50, 1, 10, 'C', '2016-05-16', '2016-05-17', 0, 70, 0, 0, 70, 0, 1435, 0, 0, 0, 0, 70, 0, 0, 70, 0, 1435, 0, 0, 1435, 0, 70, 0, 0, 70, 0, 1435, 0, 0, 1435, 0, 0, '0000-00-00', 0, 0, 0, 1435, 1435, '2016-05-17', '0000-00-00', '2016-05-17', 0),
('B', 'IC-tube-1305', 'P', 0, 10, 50, 1, 10, 'C', '2016-05-16', '2016-05-17', 0, 70, 0, 0, 70, 0, 1750, 0, 0, 0, 0, 70, 0, 0, 70, 0, 1750, 0, 0, 1750, 0, 70, 0, 0, 70, 0, 1750, 0, 0, 1750, 0, 0, '0000-00-00', 0, 0, 0, 1750, 1750, '2016-05-17', '0000-00-00', '2016-05-17', 0),
('B', 'IC-tube-1306', 'P', 0, 10, 50, 1, 10, 'C', '2016-05-16', '2016-05-17', 0, 70, 0, 0, 70, 0, 1960, 0, 0, 0, 0, 70, 0, 0, 70, 0, 1960, 0, 0, 1960, 0, 70, 0, 0, 70, 0, 1960, 0, 0, 1960, 0, 0, '0000-00-00', 0, 0, 0, 1960, 1960, '2016-05-17', '0000-00-00', '2016-05-17', 0),
('B', 'IC-tube-1307', 'P', 0, 10, 50, 1, 10, 'C', '2016-05-16', '2016-05-17', 0, 70, 0, 0, 70, 0, 2800, 0, 0, 0, 0, 70, 0, 0, 70, 0, 2800, 0, 0, 2800, 0, 70, 0, 0, 70, 0, 2800, 0, 0, 2800, 0, 0, '0000-00-00', 0, 0, 0, 2800, 2800, '2016-05-17', '0000-00-00', '2016-05-17', 0),
('B', 'Pack-cpd1304', 'M', 1.8, 0, 18, 1, 10, 'C', '2016-05-16', '2016-05-18', 0, 63, 71, 0, 16, 0, 13876.38, 15638.46, 0, 0, 0, 63, 71, 0, 16, 0, 13876.38, 15638.46, 0, 3524.16, 0, 63, 71, 0, 16, 0, 13876.38, 15638.46, 0, 3524.16, 8, 0, '0000-00-00', 0, 0, 0, 29514.84, 29514.84, '2016-05-17', '0000-00-00', '2016-05-17', 0),
('B', 'Pack-cpd1305', 'M', 1.8, 0, 18, 1, 10, 'C', '2016-05-16', '2016-05-18', 0, 57, 68, 0, 22, 0, 14390.79, 17167.96, 0, 0, 0, 57, 68, 0, 22, 0, 14390.79, 17167.96, 0, 5554.34, 0, 57, 68, 0, 22, 0, 14390.79, 17167.96, 0, 5554.34, 11, 0, '0000-00-00', 0, 0, 0, 31558.75, 31558.75, '2016-05-17', '0000-00-00', '2016-05-17', 0),
('B', 'Pack-cpd1306', 'M', 1.8, 0, 18, 1, 10, 'C', '2016-05-16', '2016-05-18', 0, 58, 65, 0, 14, 0, 15308.52, 17156.1, 0, 0, 0, 58, 65, 0, 14, 0, 15308.52, 17156.1, 0, 3695.16, 0, 58, 65, 0, 14, 0, 15308.52, 17156.1, 0, 3695.16, 7, 0, '0000-00-00', 0, 0, 0, 32464.62, 32464.62, '2016-05-17', '0000-00-00', '2016-05-17', 0),
('B', 'Pack-cpd1307', 'M', 1.8, 0, 18, 1, 10, 'C', '2016-05-16', '2016-05-18', 0, 54, 61, 0, 14, 0, 15926.76, 17991.34, 0, 0, 0, 54, 61, 0, 14, 0, 15926.76, 17991.34, 0, 4129.16, 0, 54, 61, 0, 14, 0, 15926.76, 17991.34, 0, 4129.16, 7, 0, '0000-00-00', 0, 0, 0, 33918.1, 33918.1, '2016-05-17', '0000-00-00', '2016-05-17', 0),
('B', 'Cable-Cord-1', 'P', 0, 1, 50, 100, 20, 'C', '2016-05-16', '2016-05-17', 0, 280, 0, 0, 280, 0, 901.6, 0, 0, 0, 0, 280, 0, 0, 280, 0, 901.6, 0, 0, 901.6, 0, 280, 0, 0, 280, 0, 901.6, 0, 0, 901.6, 0, 0, '0000-00-00', 0, 0, 0, 901.6, 901.6, '2016-05-17', '0000-00-00', '2016-05-17', 0),
('B', 'Powerswitch1304', 'P', 0, 1, 100, 1000, 100, 'U', '2016-05-16', '2016-05-17', 0, 75, 0, 0, 75, 0, 90, 0, 0, 0, 0, 75, 0, 0, 75, 0, 90, 0, 0, 90, 0, 75, 0, 0, 75, 0, 90, 0, 0, 90, 0, 0, '0000-00-00', 0, 0, 0, 90, 90, '2016-05-17', '0000-00-00', '2016-05-17', 0),
('B', 'Powerswitch1305', 'P', 0, 1, 100, 1000, 100, 'U', '2016-05-16', '2016-05-17', 0, 70, 0, 0, 70, 0, 140, 0, 0, 0, 0, 70, 0, 0, 70, 0, 140, 0, 0, 140, 0, 70, 0, 0, 70, 0, 140, 0, 0, 140, 0, 0, '0000-00-00', 0, 0, 0, 140, 140, '2016-05-17', '0000-00-00', '2016-05-17', 0),
('B', 'Powerswitch1306', 'P', 0, 1, 100, 1000, 100, 'U', '2016-05-16', '2016-05-17', 0, 70, 0, 0, 70, 0, 154, 0, 0, 0, 0, 70, 0, 0, 70, 0, 154, 0, 0, 154, 0, 70, 0, 0, 70, 0, 154, 0, 0, 154, 0, 0, '0000-00-00', 0, 0, 0, 154, 154, '2016-05-17', '0000-00-00', '2016-05-17', 0),
('B', 'Powerswitch1307', 'P', 0, 1, 100, 1000, 100, 'U', '2016-05-16', '2016-05-17', 0, 65, 0, 0, 65, 0, 143, 0, 0, 0, 0, 65, 0, 0, 65, 0, 143, 0, 0, 143, 0, 65, 0, 0, 65, 0, 143, 0, 0, 143, 0, 0, '0000-00-00', 0, 0, 0, 143, 143, '2016-05-17', '0000-00-00', '2016-05-17', 0),
('B', 'Screencover1304', 'P', 0, 1, 50, 100, 20, 'C', '2016-05-16', '2016-05-17', 0, 75, 0, 0, 75, 0, 408.75, 0, 0, 0, 0, 75, 0, 0, 75, 0, 408.75, 0, 0, 408.75, 0, 75, 0, 0, 75, 0, 408.75, 0, 0, 408.75, 0, 0, '0000-00-00', 0, 0, 0, 408.75, 408.75, '2016-05-17', '0000-00-00', '2016-05-17', 0),
('B', 'Screencover1305', 'P', 0, 1, 50, 100, 20, 'C', '2016-05-16', '2016-05-17', 0, 70, 0, 0, 70, 0, 420, 0, 0, 0, 0, 70, 0, 0, 70, 0, 420, 0, 0, 420, 0, 70, 0, 0, 70, 0, 420, 0, 0, 420, 0, 0, '0000-00-00', 0, 0, 0, 420, 420, '2016-05-17', '0000-00-00', '2016-05-17', 0),
('B', 'Screencover1306', 'P', 0, 1, 50, 100, 20, 'C', '2016-05-16', '2016-05-17', 0, 70, 0, 0, 70, 0, 455, 0, 0, 0, 0, 70, 0, 0, 70, 0, 455, 0, 0, 455, 0, 70, 0, 0, 70, 0, 455, 0, 0, 455, 0, 0, '0000-00-00', 0, 0, 0, 455, 455, '2016-05-17', '0000-00-00', '2016-05-17', 0),
('B', 'Screencover1307', 'P', 0, 1, 50, 100, 20, 'C', '2016-05-16', '2016-05-17', 0, 65, 0, 0, 65, 0, 455, 0, 0, 0, 0, 65, 0, 0, 65, 0, 455, 0, 0, 455, 0, 65, 0, 0, 65, 0, 455, 0, 0, 455, 0, 0, '0000-00-00', 0, 0, 0, 455, 455, '2016-05-17', '0000-00-00', '2016-05-17', 0),
('B', 'Screw-D-1', 'P', 0, 1, 100, 1000, 100, 'U', '2016-05-16', '2016-05-16', 0, 0, 0, 0, 0, 0, 0, 0, 0, 0, 0, 0, 0, 0, 0, 0, 0, 0, 0, 0, 0, 0, 0, 0, 0, 0, 0, 0, 0, 0, 0, 0, '0000-00-00', 0, 0, 0, 0, 0, '0000-00-00', '0000-00-00', '0000-00-00', 0),
('B', 'Screw-D-3', 'P', 0, 1, 100, 1000, 100, 'U', '2016-05-16', '2016-05-16', 0, 0, 0, 0, 0, 0, 0, 0, 0, 0, 0, 0, 0, 0, 0, 0, 0, 0, 0, 0, 0, 0, 0, 0, 0, 0, 0, 0, 0, 0, 0, 0, '0000-00-00', 0, 0, 0, 0, 0, '0000-00-00', '0000-00-00', '0000-00-00', 0),
('B', 'Stand-cpd', 'P', 0, 1, 50, 100, 20, 'C', '2016-05-16', '2016-05-17', 0, 232, 0, 0, 237, 0, 12064, 0, 0, 0, 0, 232, 0, 0, 237, 0, 12064, 0, 0, 12324, 0, 232, 0, 0, 237, 0, 12064, 0, 0, 12324, 5, 0, '0000-00-00', 0, 0, 0, 12064, 12064, '2016-05-17', '0000-00-00', '2016-05-17', 0),
('B', 'Switch-2-Button', 'P', 0, 1, 100, 1000, 100, 'U', '2016-05-16', '2016-05-16', 0, 0, 0, 0, 0, 0, 0, 0, 0, 0, 0, 0, 0, 0, 0, 0, 0, 0, 0, 0, 0, 0, 0, 0, 0, 0, 0, 0, 0, 0, 0, 0, '0000-00-00', 0, 0, 0, 0, 0, '0000-00-00', '0000-00-00', '0000-00-00', 0),
('B', 'Tube-cpd1304', 'M', 1.5, 0, 15, 1, 10, 'C', '2016-05-16', '2016-05-18', 0, 63, 70, 0, 14, 0, 10966.41, 12184.9, 0, 0, 0, 63, 70, 0, 14, 0, 10966.41, 12184.9, 0, 2436.98, 0, 63, 70, 0, 14, 0, 10966.41, 12184.9, 0, 2436.98, 7, 0, '0000-00-00', 0, 0, 0, 23151.31, 23151.31, '2016-05-17', '0000-00-00', '2016-05-17', 0),
('B', 'Tube-cpd1305', 'M', 2.5, 0, 15, 1, 10, 'C', '2016-05-16', '2016-05-18', 0, 57, 65, 0, 16, 0, 13662.9, 15580.5, 0, 0, 0, 57, 65, 0, 16, 0, 13662.9, 15580.5, 0, 3835.2, 0, 57, 65, 0, 16, 0, 13662.9, 15580.5, 0, 3835.2, 8, 0, '0000-00-00', 0, 0, 0, 29243.4, 29243.4, '2016-05-17', '0000-00-00', '2016-05-17', 0),
('B', 'Tube-cpd1306', 'M', 3.2, 0, 15, 1, 10, 'C', '2016-05-16', '2016-05-18', 0, 58, 66, 0, 16, 0, 16698.2, 19001.4, 0, 0, 0, 58, 66, 0, 16, 0, 16698.2, 19001.4, 0, 4606.4, 0, 58, 66, 0, 16, 0, 16698.2, 19001.4, 0, 4606.4, 8, 0, '0000-00-00', 0, 0, 0, 35699.6, 35699.6, '2016-05-17', '0000-00-00', '2016-05-17', 0),
('B', 'Tube-cpd1307', 'M', 2, 0, 15, 1, 10, 'C', '2016-05-16', '2016-05-18', 0, 54, 61, 0, 14, 0, 14639.4, 16537.1, 0, 0, 0, 54, 61, 0, 14, 0, 14639.4, 16537.1, 0, 3795.4, 0, 54, 61, 0, 14, 0, 14639.4, 16537.1, 0, 3795.4, 7, 0, '0000-00-00', 0, 0, 0, 31176.5, 31176.5, '2016-05-17', '0000-00-00', '2016-05-17', 0),
('B', 'Tube-kkk-17', 'P', 0, 10, 50, 1, 10, 'C', '2016-05-16', '2016-05-17', 0, 70, 0, 0, 70, 0, 7900.9, 0, 0, 0, 0, 70, 0, 0, 70, 0, 7900.9, 0, 0, 7900.9, 0, 70, 0, 0, 70, 0, 7900.9, 0, 0, 7900.9, 0, 0, '0000-00-00', 0, 0, 0, 7900.9, 7900.9, '2016-05-17', '0000-00-00', '2016-05-17', 0),
('B', 'Tube-kkk-20', 'P', 0, 10, 50, 1, 10, 'C', '2016-05-16', '2016-05-17', 0, 70, 0, 0, 70, 0, 10535, 0, 0, 0, 0, 70, 0, 0, 70, 0, 10535, 0, 0, 10535, 0, 70, 0, 0, 70, 0, 10535, 0, 0, 10535, 0, 0, '0000-00-00', 0, 0, 0, 10535, 10535, '2016-05-17', '0000-00-00', '2016-05-17', 0),
('B', 'Tube-kkk-21', 'P', 0, 10, 50, 1, 10, 'C', '2016-05-16', '2016-05-17', 0, 140, 0, 0, 140, 0, 25228, 0, 0, 0, 0, 140, 0, 0, 140, 0, 25228, 0, 0, 25228, 0, 140, 0, 0, 140, 0, 25228, 0, 0, 25228, 0, 0, '0000-00-00', 0, 0, 0, 25228, 25228, '2016-05-17', '0000-00-00', '2016-05-17', 0),
('B', 'VGA-cpd1304', 'M', 0.42, 0, 12, 1, 10, 'C', '2016-05-16', '2016-05-18', 0, 0, 60, 0, 120, 0, 0, 27885.6, 0, 0, 0, 0, 60, 0, 120, 0, 0, 27885.6, 0, 55771.2, 0, 0, 60, 0, 120, 0, 0, 27885.6, 0, 55771.2, 60, 0, '0000-00-00', 0, 0, 0, 27885.6, 27885.6, '2016-05-17', '0000-00-00', '0000-00-00', 0),
('B', 'VGA-cpd1305', 'M', 0.67, 0, 12, 1, 10, 'C', '2016-05-16', '2016-05-18', 0, 0, 57, 0, 114, 0, 0, 32112.87, 0, 0, 0, 0, 57, 0, 114, 0, 0, 32112.87, 0, 64634.58, 0, 0, 57, 0, 114, 0, 0, 32112.87, 0, 64634.58, 57, 0, '0000-00-00', 0, 0, 0, 32112.87, 32112.87, '2016-05-17', '0000-00-00', '0000-00-00', 0),
('B', 'VGA-cpd1306', 'M', 1.5, 0, 12, 1, 10, 'C', '2016-05-16', '2016-05-18', 0, 0, 54, 0, 108, 0, 0, 34722, 0, 0, 0, 0, 54, 0, 108, 0, 0, 34722, 0, 69444, 0, 0, 54, 0, 108, 0, 0, 34722, 0, 69444, 54, 0, '0000-00-00', 0, 0, 0, 34722, 34722, '2016-05-17', '0000-00-00', '0000-00-00', 0),
('B', 'VGA-cpd1307', 'M', 0.6, 0, 12, 1, 10, 'C', '2016-05-16', '2016-05-18', 0, 0, 53, 0, 106, 0, 0, 34863.4, 0, 0, 0, 0, 53, 0, 106, 0, 0, 34863.4, 0, 69726.8, 0, 0, 53, 0, 106, 0, 0, 34863.4, 0, 69726.8, 53, 0, '0000-00-00', 0, 0, 0, 34863.4, 34863.4, '2016-05-17', '0000-00-00', '0000-00-00', 0),
('C', 'Back-cover-6304', 'P', 0, 1, 50, 100, 20, 'C', '2016-05-16', '2016-05-17', 0, 75, 0, 0, 75, 0, 750, 0, 0, 0, 0, 75, 0, 0, 75, 0, 750, 0, 0, 750, 0, 75, 0, 0, 75, 0, 750, 0, 0, 750, 0, 0, '0000-00-00', 0, 0, 0, 750, 750, '2016-05-17', '0000-00-00', '2016-05-17', 0),
('C', 'Back-Pack-6305', 'M', 5, 1, 15, 10, 10, 'C', '2016-05-16', '2016-05-17', 0, 69, 69, 0, 0, 0, 7029.72, 7029.72, 0, 0, 0, 69, 69, 0, 0, 0, 7029.72, 7029.72, 0, 0, 0, 69, 69, 0, 0, 0, 7029.72, 7029.72, 0, 0, 0, 0, '0000-00-00', 0, 0, 0, 14059.44, 14059.44, '2016-05-17', '0000-00-00', '2016-05-17', 0),
('C', 'Back-cover-6305', 'P', 0, 1, 50, 100, 20, 'C', '2016-05-16', '2016-05-17', 0, 70, 0, 0, 70, 0, 700, 0, 0, 0, 0, 70, 0, 0, 70, 0, 700, 0, 0, 700, 0, 70, 0, 0, 70, 0, 700, 0, 0, 700, 0, 0, '0000-00-00', 0, 0, 0, 700, 700, '2016-05-17', '0000-00-00', '2016-05-17', 0),
('C', 'Back-cover-6306', 'P', 0, 1, 50, 100, 20, 'C', '2016-05-16', '2016-05-17', 0, 70, 0, 0, 70, 0, 840, 0, 0, 0, 0, 70, 0, 0, 70, 0, 840, 0, 0, 840, 0, 70, 0, 0, 70, 0, 840, 0, 0, 840, 0, 0, '0000-00-00', 0, 0, 0, 840, 840, '2016-05-17', '0000-00-00', '2016-05-17', 0),
('C', 'Back-cover-6307', 'P', 0, 1, 50, 100, 20, 'C', '2016-05-16', '2016-05-17', 0, 65, 0, 0, 65, 0, 780, 0, 0, 0, 0, 65, 0, 0, 65, 0, 780, 0, 0, 780, 0, 65, 0, 0, 65, 0, 780, 0, 0, 780, 0, 0, '0000-00-00', 0, 0, 0, 780, 780, '2016-05-17', '0000-00-00', '2016-05-17', 0),
('C', 'Back-Pack-6304', 'M', 5, 0, 15, 10, 10, 'C', '2016-05-16', '2016-05-17', 0, 71, 71, 0, 0, 0, 6608.68, 6608.68, 0, 0, 0, 71, 71, 0, 0, 0, 6608.68, 6608.68, 0, 0, 0, 71, 71, 0, 0, 0, 6608.68, 6608.68, 0, 0, 0, 0, '0000-00-00', 0, 0, 0, 13217.36, 13217.36, '2016-05-17', '0000-00-00', '2016-05-17', 0),
('C', 'Back-Pack-6306', 'M', 5, 0, 15, 10, 10, 'C', '2016-05-16', '2016-05-17', 0, 66, 69, 0, 0, 0, 7389.36, 7120.44, 0, 0, 0, 66, 69, 0, 0, 0, 7389.36, 7120.44, 0, 0, 0, 66, 69, 0, 0, 0, 7389.36, 7120.44, 0, 0, 3, 0, '0000-00-00', 0, 0, 0, 14509.8, 14509.8, '2016-05-17', '0000-00-00', '2016-05-17', 0),
('C', 'Back-Pack-6307', 'M', 5, 0, 15, 10, 10, 'C', '2016-05-16', '2016-05-17', 0, 65, 65, 0, 0, 0, 8772.4, 8772.4, 0, 0, 0, 65, 65, 0, 0, 0, 8772.4, 8772.4, 0, 0, 0, 65, 65, 0, 0, 0, 8772.4, 8772.4, 0, 0, 0, 0, '0000-00-00', 0, 0, 0, 17544.8, 17544.8, '2016-05-17', '0000-00-00', '2016-05-17', 0),
('C', 'Box-lcd-6304', 'P', 0, 1, 100, 1000, 80, 'U', '2016-05-16', '2016-05-17', 0, 63, 0, 0, 63, 0, 756, 0, 0, 0, 0, 63, 0, 0, 63, 0, 756, 0, 0, 756, 0, 63, 0, 0, 63, 0, 756, 0, 0, 756, 0, 0, '0000-00-00', 0, 0, 0, 756, 756, '2016-05-17', '0000-00-00', '2016-05-17', 0),
('C', 'Box-lcd-6305', 'P', 0, 1, 100, 1000, 80, 'U', '2016-05-16', '2016-05-17', 0, 57, 0, 0, 57, 0, 684, 0, 0, 0, 0, 57, 0, 0, 57, 0, 684, 0, 0, 684, 0, 57, 0, 0, 57, 0, 684, 0, 0, 684, 0, 0, '0000-00-00', 0, 0, 0, 684, 684, '2016-05-17', '0000-00-00', '2016-05-17', 0),
('C', 'Box-lcd-6306', 'P', 0, 1, 100, 1000, 80, 'U', '2016-05-16', '2016-05-17', 0, 58, 0, 0, 58, 0, 1450, 0, 0, 0, 0, 58, 0, 0, 58, 0, 1450, 0, 0, 1450, 0, 58, 0, 0, 58, 0, 1450, 0, 0, 1450, 0, 0, '0000-00-00', 0, 0, 0, 1450, 1450, '2016-05-17', '0000-00-00', '2016-05-17', 0),
('C', 'Box-lcd-6307', 'P', 0, 1, 100, 1000, 80, 'U', '2016-05-16', '2016-05-17', 0, 54, 0, 0, 54, 0, 1620, 0, 0, 0, 0, 54, 0, 0, 54, 0, 1620, 0, 0, 1620, 0, 54, 0, 0, 54, 0, 1620, 0, 0, 1620, 0, 0, '0000-00-00', 0, 0, 0, 1620, 1620, '2016-05-17', '0000-00-00', '2016-05-17', 0),
('C', 'Cable-Cord-2', 'P', 0, 1, 50, 100, 20, 'C', '2016-05-16', '2016-05-17', 0, 280, 0, 0, 280, 0, 1960, 0, 0, 0, 0, 280, 0, 0, 280, 0, 1960, 0, 0, 1960, 0, 280, 0, 0, 280, 0, 1960, 0, 0, 1960, 0, 0, '0000-00-00', 0, 0, 0, 1960, 1960, '2016-05-17', '0000-00-00', '2016-05-17', 0),
('C', 'Front-Pack-6304', 'M', 5, 0, 15, 10, 10, 'C', '2016-05-16', '2016-05-17', 0, 73, 75, 0, 0, 0, 7035.74, 7228.5, 0, 0, 0, 73, 75, 0, 0, 0, 7035.74, 7228.5, 0, 0, 0, 73, 75, 0, 0, 0, 7035.74, 7228.5, 0, 0, 2, 0, '0000-00-00', 0, 0, 0, 14264.24, 14264.24, '2016-05-17', '0000-00-00', '2016-05-17', 0),
('C', 'Front-Pack-6305', 'M', 5, 0, 15, 10, 10, 'C', '2016-05-16', '2016-05-17', 0, 70, 70, 0, 0, 0, 7026.6, 7026.6, 0, 0, 0, 70, 70, 0, 0, 0, 7026.6, 7026.6, 0, 0, 0, 70, 70, 0, 0, 0, 7026.6, 7026.6, 0, 0, 0, 0, '0000-00-00', 0, 0, 0, 14053.2, 14053.2, '2016-05-17', '0000-00-00', '2016-05-17', 0),
('C', 'Front-Pack-6306', 'M', 5, 0, 15, 10, 10, 'C', '2016-05-16', '2016-05-17', 0, 66, 66, 0, 0, 0, 7188.72, 7188.72, 0, 0, 0, 66, 66, 0, 0, 0, 7188.72, 7188.72, 0, 0, 0, 66, 66, 0, 0, 0, 7188.72, 7188.72, 0, 0, 0, 0, '0000-00-00', 0, 0, 0, 14377.44, 14377.44, '2016-05-17', '0000-00-00', '2016-05-17', 0),
('C', 'Front-Pack-6307', 'M', 5, 0, 15, 10, 10, 'C', '2016-05-16', '2016-05-17', 0, 61, 61, 0, 0, 0, 6707.56, 6707.56, 0, 0, 0, 61, 61, 0, 0, 0, 6707.56, 6707.56, 0, 0, 0, 61, 61, 0, 0, 0, 6707.56, 6707.56, 0, 0, 0, 0, '0000-00-00', 0, 0, 0, 13415.12, 13415.12, '2016-05-17', '0000-00-00', '2016-05-17', 0),
('C', 'IC-Back-6304', 'P', 0, 1, 50, 100, 20, 'C', '2016-05-16', '2016-05-17', 0, 75, 0, 0, 75, 0, 1875, 0, 0, 0, 0, 75, 0, 0, 75, 0, 1875, 0, 0, 1875, 0, 75, 0, 0, 75, 0, 1875, 0, 0, 1875, 0, 0, '0000-00-00', 0, 0, 0, 1875, 1875, '2016-05-17', '0000-00-00', '2016-05-17', 0),
('C', 'IC-Back-6305', 'P', 0, 1, 50, 100, 20, 'C', '2016-05-16', '2016-05-17', 0, 70, 0, 0, 70, 0, 1750, 0, 0, 0, 0, 70, 0, 0, 70, 0, 1750, 0, 0, 1750, 0, 70, 0, 0, 70, 0, 1750, 0, 0, 1750, 0, 0, '0000-00-00', 0, 0, 0, 1750, 1750, '2016-05-17', '0000-00-00', '2016-05-17', 0),
('C', 'IC-Back-6306', 'P', 0, 1, 50, 100, 20, 'C', '2016-05-16', '2016-05-17', 0, 70, 0, 0, 70, 0, 2100, 0, 0, 0, 0, 70, 0, 0, 70, 0, 2100, 0, 0, 2100, 0, 70, 0, 0, 70, 0, 2100, 0, 0, 2100, 0, 0, '0000-00-00', 0, 0, 0, 2100, 2100, '2016-05-17', '0000-00-00', '2016-05-17', 0),
('C', 'IC-Back-6307', 'P', 0, 1, 50, 100, 20, 'C', '2016-05-16', '2016-05-17', 0, 65, 0, 0, 65, 0, 1950, 0, 0, 0, 0, 65, 0, 0, 65, 0, 1950, 0, 0, 1950, 0, 65, 0, 0, 65, 0, 1950, 0, 0, 1950, 0, 0, '0000-00-00', 0, 0, 0, 1950, 1950, '2016-05-17', '0000-00-00', '2016-05-17', 0),
('C', 'IC-Front-6304', 'P', 0, 1, 50, 100, 20, 'C', '2016-05-16', '2016-05-17', 0, 75, 0, 0, 75, 0, 2625, 0, 0, 0, 0, 75, 0, 0, 75, 0, 2625, 0, 0, 2625, 0, 75, 0, 0, 75, 0, 2625, 0, 0, 2625, 0, 0, '0000-00-00', 0, 0, 0, 2625, 2625, '2016-05-17', '0000-00-00', '2016-05-17', 0),
('C', 'IC-Front-6305', 'P', 0, 1, 50, 100, 20, 'C', '2016-05-16', '2016-05-17', 0, 70, 0, 0, 70, 0, 2450, 0, 0, 0, 0, 70, 0, 0, 70, 0, 2450, 0, 0, 2450, 0, 70, 0, 0, 70, 0, 2450, 0, 0, 2450, 0, 0, '0000-00-00', 0, 0, 0, 2450, 2450, '2016-05-17', '0000-00-00', '2016-05-17', 0),
('C', 'IC-Front-6306', 'P', 0, 1, 50, 100, 20, 'C', '2016-05-16', '2016-05-17', 0, 70, 0, 0, 70, 0, 2800, 0, 0, 0, 0, 70, 0, 0, 70, 0, 2800, 0, 0, 2800, 0, 70, 0, 0, 70, 0, 2800, 0, 0, 2800, 0, 0, '0000-00-00', 0, 0, 0, 2800, 2800, '2016-05-17', '0000-00-00', '2016-05-17', 0),
('C', 'IC-Front-6307', 'P', 0, 1, 50, 100, 20, 'C', '2016-05-16', '2016-05-17', 0, 65, 0, 0, 65, 0, 2600, 0, 0, 0, 0, 65, 0, 0, 65, 0, 2600, 0, 0, 2600, 0, 65, 0, 0, 65, 0, 2600, 0, 0, 2600, 0, 0, '0000-00-00', 0, 0, 0, 2600, 2600, '2016-05-17', '0000-00-00', '2016-05-17', 0),
('C', 'IC-lcd-6304', 'P', 0, 10, 50, 1, 10, 'C', '2016-05-16', '2016-05-17', 0, 70, 0, 0, 70, 0, 1400, 0, 0, 0, 0, 70, 0, 0, 70, 0, 1400, 0, 0, 1400, 0, 70, 0, 0, 70, 0, 1400, 0, 0, 1400, 0, 0, '0000-00-00', 0, 0, 0, 1400, 1400, '2016-05-17', '0000-00-00', '2016-05-17', 0),
('C', 'IC-lcd-6305', 'P', 0, 10, 50, 1, 10, 'C', '2016-05-16', '2016-05-17', 0, 70, 0, 0, 70, 0, 1750, 0, 0, 0, 0, 70, 0, 0, 70, 0, 1750, 0, 0, 1750, 0, 70, 0, 0, 70, 0, 1750, 0, 0, 1750, 0, 0, '0000-00-00', 0, 0, 0, 1750, 1750, '2016-05-17', '0000-00-00', '2016-05-17', 0),
('C', 'IC-lcd-6306', 'P', 0, 10, 50, 1, 10, 'C', '2016-05-16', '2016-05-17', 0, 70, 0, 0, 70, 0, 2100, 0, 0, 0, 0, 70, 0, 0, 70, 0, 2100, 0, 0, 2100, 0, 70, 0, 0, 70, 0, 2100, 0, 0, 2100, 0, 0, '0000-00-00', 0, 0, 0, 2100, 2100, '2016-05-17', '0000-00-00', '2016-05-17', 0),
('C', 'IC-lcd-6307', 'P', 0, 10, 50, 1, 10, 'C', '2016-05-16', '2016-05-17', 0, 70, 0, 0, 70, 0, 2800, 0, 0, 0, 0, 70, 0, 0, 70, 0, 2800, 0, 0, 2800, 0, 70, 0, 0, 70, 0, 2800, 0, 0, 2800, 0, 0, '0000-00-00', 0, 0, 0, 2800, 2800, '2016-05-17', '0000-00-00', '2016-05-17', 0),
('C', 'LCD-lcd-6304', 'M', 0.42, 0, 12, 1, 10, 'C', '2016-05-16', '2016-05-18', 0, 0, 60, 0, 120, 0, 0, 29244.6, 0, 0, 0, 0, 60, 0, 120, 0, 0, 29244.6, 0, 58489.2, 0, 0, 60, 0, 120, 0, 0, 29244.6, 0, 58489.2, 60, 0, '0000-00-00', 0, 0, 0, 29244.6, 29244.6, '2016-05-17', '0000-00-00', '0000-00-00', 0),
('C', 'LCD-lcd-6305', 'M', 0.67, 0, 12, 1, 10, 'C', '2016-05-16', '2016-05-18', 0, 0, 57, 0, 114, 0, 0, 28249.77, 0, 0, 0, 0, 57, 0, 114, 0, 0, 28249.77, 0, 56499.54, 0, 0, 57, 0, 114, 0, 0, 28249.77, 0, 56499.54, 57, 0, '0000-00-00', 0, 0, 0, 28249.77, 28249.77, '2016-05-17', '0000-00-00', '0000-00-00', 0),
('C', 'LCD-lcd-6306', 'M', 1.5, 0, 12, 1, 10, 'C', '2016-05-16', '2016-05-18', 0, 0, 54, 0, 108, 0, 0, 31583.52, 0, 0, 0, 0, 54, 0, 108, 0, 0, 31583.52, 0, 63167.04, 0, 0, 54, 0, 108, 0, 0, 31583.52, 0, 63167.04, 54, 0, '0000-00-00', 0, 0, 0, 31583.52, 31583.52, '2016-05-17', '0000-00-00', '0000-00-00', 0),
('C', 'LCD-lcd-6307', 'M', 0.6, 0, 12, 1, 10, 'C', '2016-05-16', '2016-05-18', 0, 0, 53, 0, 106, 0, 0, 32513.91, 0, 0, 0, 0, 53, 0, 106, 0, 0, 32513.91, 0, 65027.82, 0, 0, 53, 0, 106, 0, 0, 32513.91, 0, 65027.82, 53, 0, '0000-00-00', 0, 0, 0, 32513.91, 32513.91, '2016-05-17', '0000-00-00', '0000-00-00', 0),
('C', 'Lcdm-lcd-6304', 'M', 1.5, 0, 15, 1, 10, 'C', '2016-05-16', '2016-05-18', 0, 63, 67, 0, 8, 0, 11730.6, 12475.4, 0, 0, 0, 63, 67, 0, 8, 0, 11730.6, 12475.4, 0, 1489.6, 0, 63, 67, 0, 8, 0, 11730.6, 12475.4, 0, 1489.6, 4, 0, '0000-00-00', 0, 0, 0, 24206, 24206, '2016-05-17', '0000-00-00', '2016-05-17', 0),
('C', 'Lcdm-lcd-6305', 'M', 2.5, 0, 15, 1, 10, 'C', '2016-05-16', '2016-05-18', 0, 57, 65, 0, 16, 0, 9986.4, 11388, 0, 0, 0, 57, 65, 0, 16, 0, 9986.4, 11388, 0, 2803.2, 0, 57, 65, 0, 16, 0, 9986.4, 11388, 0, 2803.2, 8, 0, '0000-00-00', 0, 0, 0, 21374.4, 21374.4, '2016-05-17', '0000-00-00', '2016-05-17', 0),
('C', 'Lcdm-lcd-6306', 'M', 3.2, 0, 15, 1, 10, 'C', '2016-05-16', '2016-05-18', 0, 58, 66, 0, 16, 0, 12313.4, 14011.8, 0, 0, 0, 58, 66, 0, 16, 0, 12313.4, 14011.8, 0, 3396.8, 0, 58, 66, 0, 16, 0, 12313.4, 14011.8, 0, 3396.8, 8, 0, '0000-00-00', 0, 0, 0, 26325.2, 26325.2, '2016-05-17', '0000-00-00', '2016-05-17', 0),
('C', 'Lcdm-lcd-6307', 'M', 2, 0, 15, 1, 10, 'C', '2016-05-16', '2016-05-18', 0, 54, 61, 0, 14, 0, 12441.6, 14054.4, 0, 0, 0, 54, 61, 0, 14, 0, 12441.6, 14054.4, 0, 3225.6, 0, 54, 61, 0, 14, 0, 12441.6, 14054.4, 0, 3225.6, 7, 0, '0000-00-00', 0, 0, 0, 26496, 26496, '2016-05-17', '0000-00-00', '2016-05-17', 0),
('C', 'LCD-www-17', 'P', 0, 10, 50, 1, 10, 'C', '2016-05-16', '2016-05-17', 0, 70, 0, 0, 70, 0, 7000, 0, 0, 0, 0, 70, 0, 0, 70, 0, 7000, 0, 0, 7000, 0, 70, 0, 0, 70, 0, 7000, 0, 0, 7000, 0, 0, '0000-00-00', 0, 0, 0, 7000, 7000, '2016-05-17', '0000-00-00', '2016-05-17', 0),
('C', 'LCD-www-19', 'P', 0, 10, 50, 1, 10, 'C', '2016-05-16', '2016-05-17', 0, 70, 0, 0, 70, 0, 7700, 0, 0, 0, 0, 70, 0, 0, 70, 0, 7700, 0, 0, 7700, 0, 70, 0, 0, 70, 0, 7700, 0, 0, 7700, 0, 0, '0000-00-00', 0, 0, 0, 7700, 7700, '2016-05-17', '0000-00-00', '2016-05-17', 0),
('C', 'LCD-www-20', 'P', 0, 10, 50, 1, 10, 'C', '2016-05-16', '2016-05-17', 0, 70, 0, 0, 70, 0, 8400, 0, 0, 0, 0, 70, 0, 0, 70, 0, 8400, 0, 0, 8400, 0, 70, 0, 0, 70, 0, 8400, 0, 0, 8400, 0, 0, '0000-00-00', 0, 0, 0, 8400, 8400, '2016-05-17', '0000-00-00', '2016-05-17', 0),
('C', 'LCD-www-21', 'P', 0, 10, 50, 1, 10, 'C', '2016-05-16', '2016-05-17', 0, 70, 0, 0, 70, 0, 10500, 0, 0, 0, 0, 70, 0, 0, 70, 0, 10500, 0, 0, 10500, 0, 70, 0, 0, 70, 0, 10500, 0, 0, 10500, 0, 0, '0000-00-00', 0, 0, 0, 10500, 10500, '2016-05-17', '0000-00-00', '2016-05-17', 0),
('C', 'Pack-lcd-6304', 'M', 1.8, 0, 18, 1, 10, 'C', '2016-05-16', '2016-05-18', 0, 63, 71, 0, 16, 0, 14225.4, 16031.8, 0, 0, 0, 63, 71, 0, 16, 0, 14225.4, 16031.8, 0, 3612.8, 0, 63, 71, 0, 16, 0, 14225.4, 16031.8, 0, 3612.8, 8, 0, '0000-00-00', 0, 0, 0, 30257.2, 30257.2, '2016-05-17', '0000-00-00', '2016-05-17', 0),
('C', 'Pack-lcd-6305', 'M', 1.8, 0, 18, 1, 10, 'C', '2016-05-16', '2016-05-18', 0, 57, 68, 0, 22, 0, 13965, 16660, 0, 0, 0, 57, 68, 0, 22, 0, 13965, 16660, 0, 5390, 0, 57, 68, 0, 22, 0, 13965, 16660, 0, 5390, 11, 0, '0000-00-00', 0, 0, 0, 30625, 30625, '2016-05-17', '0000-00-00', '2016-05-17', 0);
INSERT INTO `ITMBAL` (`whouse`, `itemno`, `leadtmcode`, `leadtmmnf`, `leadtmpur`, `orderpoint`, `qtyfixord`, `saftystock`, `flrstockcd`, `date_cre`, `date_l_mnt`, `qtysoldptd`, `qtyissptd`, `qtyrecptd`, `qtyscrptd`, `qtyadjptd`, `saleamtptd`, `issamtptd`, `recamtptd`, `scramtptd`, `adjamtptd`, `qtysoldstd`, `qtyissstd`, `qtyrecstd`, `qtyscrstd`, `qtyadjstd`, `saleamtstd`, `issamtstd`, `recamtstd`, `scramtstd`, `adjamtstd`, `qtysoldytd`, `qtyissytd`, `qtyrecytd`, `qtyscrytd`, `qtyadjytd`, `saleamtytd`, `issamtytd`, `recamtytd`, `scramtytd`, `adjamtytd`, `qtyonhand`, `qtyphyinv`, `date_prupd`, `beginv`, `qtyonprd`, `qtyonpur`, `costamtytd`, `costamtptd`, `date_onhnd`, `date_sales`, `date_l_iss`, `actcode`) VALUES
('C', 'Pack-lcd-6306', 'M', 2.4, 0, 18, 1, 10, 'C', '2016-05-16', '2016-05-18', 0, 56, 63, 0, 14, 0, 15171.52, 15642.36, 0, 0, 0, 56, 63, 0, 14, 0, 15171.52, 15642.36, 0, 3792.88, 0, 56, 63, 0, 14, 0, 15171.52, 15642.36, 0, 3792.88, 7, 0, '0000-00-00', 0, 0, 0, 30813.88, 30813.88, '2016-05-17', '0000-00-00', '2016-05-17', 0),
('C', 'Pack-lcd-6307', 'M', 2.4, 0, 18, 1, 10, 'C', '2016-05-16', '2016-05-18', 0, 54, 61, 0, 14, 0, 15884.64, 17943.76, 0, 0, 0, 54, 61, 0, 14, 0, 15884.64, 17943.76, 0, 4118.24, 0, 54, 61, 0, 14, 0, 15884.64, 17943.76, 0, 4118.24, 7, 0, '0000-00-00', 0, 0, 0, 33828.4, 33828.4, '2016-05-17', '0000-00-00', '2016-05-17', 0),
('C', 'Power-Cord-2', 'P', 0, 1, 50, 100, 20, 'C', '2016-05-16', '2016-05-17', 0, 280, 0, 0, 280, 0, 840, 0, 0, 0, 0, 280, 0, 0, 280, 0, 840, 0, 0, 840, 0, 280, 0, 0, 280, 0, 840, 0, 0, 840, 0, 0, '0000-00-00', 0, 0, 0, 840, 840, '2016-05-17', '0000-00-00', '2016-05-17', 0),
('C', 'Powerswitch6304', 'P', 0, 1, 100, 1000, 100, 'U', '2016-05-16', '2016-05-17', 0, 75, 0, 0, 75, 0, 75, 0, 0, 0, 0, 75, 0, 0, 75, 0, 75, 0, 0, 75, 0, 75, 0, 0, 75, 0, 75, 0, 0, 75, 0, 0, '0000-00-00', 0, 0, 0, 75, 75, '2016-05-17', '0000-00-00', '2016-05-17', 0),
('C', 'Powerswitch6305', 'P', 0, 1, 100, 1000, 100, 'U', '2016-05-16', '2016-05-17', 0, 70, 0, 0, 70, 0, 70, 0, 0, 0, 0, 70, 0, 0, 70, 0, 70, 0, 0, 70, 0, 70, 0, 0, 70, 0, 70, 0, 0, 70, 0, 0, '0000-00-00', 0, 0, 0, 70, 70, '2016-05-17', '0000-00-00', '2016-05-17', 0),
('C', 'Powerswitch6306', 'P', 0, 1, 100, 1000, 100, 'U', '2016-05-16', '2016-05-17', 0, 70, 0, 0, 70, 0, 140, 0, 0, 0, 0, 70, 0, 0, 70, 0, 140, 0, 0, 140, 0, 70, 0, 0, 70, 0, 140, 0, 0, 140, 0, 0, '0000-00-00', 0, 0, 0, 140, 140, '2016-05-17', '0000-00-00', '2016-05-17', 0),
('C', 'Powerswitch6307', 'P', 0, 1, 100, 1000, 100, 'U', '2016-05-16', '2016-05-17', 0, 65, 0, 0, 65, 0, 130, 0, 0, 0, 0, 65, 0, 0, 65, 0, 130, 0, 0, 130, 0, 65, 0, 0, 65, 0, 130, 0, 0, 130, 0, 0, '0000-00-00', 0, 0, 0, 130, 130, '2016-05-17', '0000-00-00', '2016-05-17', 0),
('C', 'Screencover6304', 'P', 0, 1, 50, 100, 20, 'C', '2016-05-16', '2016-05-17', 0, 75, 0, 0, 75, 0, 450, 0, 0, 0, 0, 75, 0, 0, 75, 0, 450, 0, 0, 450, 0, 75, 0, 0, 75, 0, 450, 0, 0, 450, 0, 0, '0000-00-00', 0, 0, 0, 450, 450, '2016-05-17', '0000-00-00', '2016-05-17', 0),
('C', 'Screencover6305', 'P', 0, 1, 50, 100, 20, 'C', '2016-05-16', '2016-05-17', 0, 70, 0, 0, 70, 0, 420, 0, 0, 0, 0, 70, 0, 0, 70, 0, 420, 0, 0, 420, 0, 70, 0, 0, 70, 0, 420, 0, 0, 420, 0, 0, '0000-00-00', 0, 0, 0, 420, 420, '2016-05-17', '0000-00-00', '2016-05-17', 0),
('C', 'Screencover6306', 'P', 0, 1, 50, 100, 20, 'C', '2016-05-16', '2016-05-17', 0, 70, 0, 0, 70, 0, 560, 0, 0, 0, 0, 70, 0, 0, 70, 0, 560, 0, 0, 560, 0, 70, 0, 0, 70, 0, 560, 0, 0, 560, 0, 0, '0000-00-00', 0, 0, 0, 560, 560, '2016-05-17', '0000-00-00', '2016-05-17', 0),
('C', 'Screencover6307', 'P', 0, 1, 50, 100, 20, 'C', '2016-05-16', '2016-05-17', 0, 65, 0, 0, 65, 0, 520, 0, 0, 0, 0, 65, 0, 0, 65, 0, 520, 0, 0, 520, 0, 65, 0, 0, 65, 0, 520, 0, 0, 520, 0, 0, '0000-00-00', 0, 0, 0, 520, 520, '2016-05-17', '0000-00-00', '2016-05-17', 0),
('C', 'Screw-D-1', 'P', 0, 1, 100, 1000, 100, 'U', '2016-05-16', '2016-05-16', 0, 0, 0, 0, 0, 0, 0, 0, 0, 0, 0, 0, 0, 0, 0, 0, 0, 0, 0, 0, 0, 0, 0, 0, 0, 0, 0, 0, 0, 0, 0, 0, '0000-00-00', 0, 0, 0, 0, 0, '0000-00-00', '0000-00-00', '0000-00-00', 0),
('C', 'Screw-D-3', 'P', 0, 1, 100, 1000, 100, 'U', '2016-05-16', '2016-05-16', 0, 0, 0, 0, 0, 0, 0, 0, 0, 0, 0, 0, 0, 0, 0, 0, 0, 0, 0, 0, 0, 0, 0, 0, 0, 0, 0, 0, 0, 0, 0, 0, '0000-00-00', 0, 0, 0, 0, 0, '0000-00-00', '0000-00-00', '0000-00-00', 0),
('C', 'Stand-lcd', 'P', 0, 1, 50, 100, 20, 'C', '2016-05-16', '2016-05-17', 0, 232, 0, 0, 232, 0, 11600, 0, 0, 0, 0, 232, 0, 0, 232, 0, 11600, 0, 0, 11600, 0, 232, 0, 0, 232, 0, 11600, 0, 0, 11600, 0, 0, '0000-00-00', 0, 0, 0, 11600, 11600, '2016-05-17', '0000-00-00', '2016-05-17', 0),
('C', 'Switch-2-Button', 'P', 0, 1, 100, 1000, 100, 'U', '2016-05-16', '2016-05-16', 0, 0, 0, 0, 0, 0, 0, 0, 0, 0, 0, 0, 0, 0, 0, 0, 0, 0, 0, 0, 0, 0, 0, 0, 0, 0, 0, 0, 0, 0, 0, 0, '0000-00-00', 0, 0, 0, 0, 0, '0000-00-00', '0000-00-00', '0000-00-00', 0);

-- --------------------------------------------------------

--
-- 資料表結構 `ITMMAS`
--

CREATE TABLE `ITMMAS` (
  `itemno` varchar(20) COLLATE utf8_bin NOT NULL,
  `descripts` varchar(50) COLLATE utf8_bin NOT NULL,
  `itemclass` varchar(5) COLLATE utf8_bin NOT NULL,
  `pur_man` varchar(1) COLLATE utf8_bin NOT NULL,
  `salable` varchar(1) COLLATE utf8_bin NOT NULL,
  `no_rout` int(11) NOT NULL,
  `lastdate` date NOT NULL,
  `mat_cur` double NOT NULL,
  `mat_sta` double NOT NULL,
  `mat_his` double NOT NULL,
  `lab_cur` double NOT NULL,
  `lab_sta` double NOT NULL,
  `lab_his` double NOT NULL,
  `over_cur` double NOT NULL,
  `over_sta` double NOT NULL,
  `over_his` double NOT NULL,
  `cur_date` date NOT NULL,
  `sta_date` date NOT NULL,
  `his_date` date DEFAULT NULL,
  `pri_cur` double NOT NULL,
  `pricurdate` date DEFAULT NULL,
  `pri_his1` int(11) NOT NULL,
  `prihis1d` date DEFAULT NULL,
  `pri_his2` int(11) NOT NULL,
  `prihis2d` date DEFAULT NULL,
  `pri_his3` int(11) NOT NULL,
  `prihis3d` date DEFAULT NULL,
  `level` tinyint(4) NOT NULL,
  `l_bsize` int(11) NOT NULL
) ENGINE=InnoDB DEFAULT CHARSET=utf8 COLLATE=utf8_bin;

--
-- 資料表的匯出資料 `ITMMAS`
--

INSERT INTO `ITMMAS` (`itemno`, `descripts`, `itemclass`, `pur_man`, `salable`, `no_rout`, `lastdate`, `mat_cur`, `mat_sta`, `mat_his`, `lab_cur`, `lab_sta`, `lab_his`, `over_cur`, `over_sta`, `over_his`, `cur_date`, `sta_date`, `his_date`, `pri_cur`, `pricurdate`, `pri_his1`, `prihis1d`, `pri_his2`, `prihis2d`, `pri_his3`, `prihis3d`, `level`, `l_bsize`) VALUES
('Back-cover-1304', 'Back Cover for Model 1304', 'CV', 'P', 'N', 0, '2012-01-10', 12.35, 12.35, 12.35, 0, 0, 0, 0, 0, 0, '2011-12-23', '2011-12-23', '2011-12-23', 0, '0000-00-00', 0, '0000-00-00', 0, '0000-00-00', 0, '0000-00-00', 0, 10),
('Back-cover-1305', 'Back Cover for Model 1305', 'CV', 'P', 'N', 0, '2012-01-10', 13, 13, 13, 0, 0, 0, 0, 0, 0, '2011-12-23', '2011-12-23', '2011-12-23', 0, '0000-00-00', 0, '0000-00-00', 0, '0000-00-00', 0, '0000-00-00', 0, 10),
('Back-cover-1306', 'Back Cover for Model 1306', 'CV', 'P', 'N', 0, '2012-01-10', 13.5, 13.5, 13.5, 0, 0, 0, 0, 0, 0, '2011-12-23', '2011-12-23', '2011-12-23', 0, '0000-00-00', 0, '0000-00-00', 0, '0000-00-00', 0, '0000-00-00', 0, 10),
('Back-cover-1307', 'Back Cover for Model 1307', 'CV', 'P', 'N', 0, '2012-01-10', 12, 12, 12, 0, 0, 0, 0, 0, 0, '2011-12-23', '2011-12-23', '2011-12-23', 0, '0000-00-00', 0, '0000-00-00', 0, '0000-00-00', 0, '0000-00-00', 0, 10),
('Back-Pack-1304', 'Back Pack for Model 1304', 'PK', 'M', 'Y', 3, '2012-01-10', 43.67, 43.67, 43.67, 26.1, 26.1, 26.1, 23.2, 23.2, 23.2, '2012-01-10', '2012-01-10', '2012-01-03', 75, '2011-12-23', 0, '0000-00-00', 0, '0000-00-00', 0, '0000-00-00', 1, 10),
('Back-Pack-1305', 'Back Pack for Model 1305', 'PK', 'M', 'Y', 3, '2012-01-10', 46.65, 46.65, 46.65, 31, 31, 31, 30.6, 30.6, 30.6, '2012-01-10', '2012-01-10', '2012-01-03', 78, '2011-12-23', 0, '0000-00-00', 0, '0000-00-00', 0, '0000-00-00', 1, 10),
('Back-Pack-1306', 'Back Pack for Model 1306', 'PK', 'M', 'Y', 3, '2012-01-10', 50.08, 50.08, 50.08, 27.2, 27.2, 27.2, 27, 27, 27, '2012-01-10', '2012-01-10', '2012-01-03', 80, '2011-12-23', 0, '0000-00-00', 0, '0000-00-00', 0, '0000-00-00', 1, 10),
('Back-Pack-1307', 'Back Pack for Model 1307', 'PK', 'M', 'Y', 3, '2012-01-10', 48.3, 48.3, 48.3, 36, 36, 36, 36, 36, 36, '2012-01-10', '2012-01-10', '2012-01-03', 100, '2011-12-23', 0, '0000-00-00', 0, '0000-00-00', 0, '0000-00-00', 1, 10),
('Box-cpd1304', 'Paper Box Pack for Model 1304', 'BX', 'P', 'N', 0, '2012-01-10', 11.5, 11.5, 11.5, 0, 0, 0, 0, 0, 0, '2011-12-23', '2011-12-23', '2011-12-23', 0, '0000-00-00', 0, '0000-00-00', 0, '0000-00-00', 0, '0000-00-00', 0, 1000),
('Box-cpd1305', 'Paper Box Pack for Model 1305', 'BX', 'P', 'N', 0, '2012-01-10', 12, 12, 12, 0, 0, 0, 0, 0, 0, '2011-12-23', '2011-12-23', '2011-12-23', 0, '0000-00-00', 0, '0000-00-00', 0, '0000-00-00', 0, '0000-00-00', 0, 1000),
('Box-cpd1306', 'Paper Box Pack for Model 1306', 'BX', 'P', 'N', 0, '2012-01-10', 15, 15, 15, 0, 0, 0, 0, 0, 0, '2011-12-23', '2011-12-23', '2011-12-23', 0, '0000-00-00', 0, '0000-00-00', 0, '0000-00-00', 0, '0000-00-00', 0, 1000),
('Box-cpd1307', 'Paper Box Pack for Model 1307', 'BX', 'P', 'N', 0, '2012-01-10', 30, 30, 30, 0, 0, 0, 0, 0, 0, '2011-12-23', '2011-12-23', '2011-12-23', 0, '0000-00-00', 0, '0000-00-00', 0, '0000-00-00', 0, '0000-00-00', 0, 1000),
('Cable-Cord-1', 'Cable-Cord standard size 1', 'CD', 'P', 'N', 0, '2012-01-10', 3.22, 3.22, 3.22, 0, 0, 0, 0, 0, 0, '2011-12-23', '2011-12-23', '2011-12-23', 0, '0000-00-00', 0, '0000-00-00', 0, '0000-00-00', 0, '0000-00-00', 0, 100),
('Front-Pack-1304', 'Front Pack for Model 1304', 'PK', 'M', 'Y', 3, '2012-01-10', 40.35, 40.35, 40.35, 23, 23, 23, 27.6, 27.6, 27.6, '2012-01-10', '2012-01-10', '2012-01-03', 85, '2011-12-23', 0, '0000-00-00', 0, '0000-00-00', 0, '0000-00-00', 1, 10),
('Front-Pack-1305', 'Front Pack for Model 1305', 'PK', 'M', 'Y', 3, '2012-01-10', 44.58, 44.58, 44.58, 26.4, 26.4, 26.4, 26.4, 26.4, 26.4, '2012-01-10', '2012-01-10', '2012-01-03', 92, '2011-12-23', 0, '0000-00-00', 0, '0000-00-00', 0, '0000-00-00', 1, 10),
('Front-Pack-1306', 'Front Pack for Model 1306', 'PK', 'M', 'Y', 3, '2012-01-10', 47.82, 47.82, 47.82, 25.4, 25.4, 25.4, 25.4, 25.4, 25.4, '2012-01-10', '2012-01-10', '2012-01-03', 95, '2011-12-23', 0, '0000-00-00', 0, '0000-00-00', 0, '0000-00-00', 1, 10),
('Front-Pack-1307', 'Front Pack for Model 1307', 'PK', 'M', 'Y', 3, '2012-01-10', 52.36, 52.36, 52.36, 31.2, 31.2, 31.2, 31.2, 31.2, 31.2, '2012-01-10', '2012-01-10', '2012-01-03', 100, '2011-12-23', 0, '0000-00-00', 0, '0000-00-00', 0, '0000-00-00', 1, 10),
('IC-Back-1304', 'IC board for Back pack--model 1304', 'IC', 'P', 'N', 0, '2012-01-10', 25.67, 25.67, 25.67, 0, 0, 0, 0, 0, 0, '2011-12-23', '2011-12-23', '2011-12-23', 0, '0000-00-00', 0, '0000-00-00', 0, '0000-00-00', 0, '0000-00-00', 0, 100),
('IC-Back-1305', 'IC board for Back pack--model 1305', 'IC', 'P', 'N', 0, '2012-01-10', 28, 28, 28, 0, 0, 0, 0, 0, 0, '2011-12-23', '2011-12-23', '2011-12-23', 0, '0000-00-00', 0, '0000-00-00', 0, '0000-00-00', 0, '0000-00-00', 0, 100),
('IC-Back-1306', 'IC board for Back pack--model 1306', 'IC', 'P', 'N', 0, '2012-01-10', 28.5, 28.5, 28.5, 0, 0, 0, 0, 0, 0, '2011-12-23', '2011-12-23', '2011-12-23', 0, '0000-00-00', 0, '0000-00-00', 0, '0000-00-00', 0, '0000-00-00', 0, 100),
('IC-Back-1307', 'IC board for Back pack--model 1307', 'IC', 'P', 'N', 0, '2012-01-10', 25, 25, 25, 0, 0, 0, 0, 0, 0, '2011-12-23', '2011-12-23', '2011-12-23', 0, '0000-00-00', 0, '0000-00-00', 0, '0000-00-00', 0, '0000-00-00', 0, 100),
('IC-Front-1304', 'IC board for front pack--model 1304', 'IC', 'P', 'N', 0, '2012-01-10', 32.12, 32.12, 32.12, 0, 0, 0, 0, 0, 0, '2011-12-23', '2011-12-23', '2011-12-23', 0, '0000-00-00', 0, '0000-00-00', 0, '0000-00-00', 0, '0000-00-00', 0, 100),
('IC-Front-1305', 'IC board for front pack--model 1305', 'IC', 'P', 'N', 0, '2012-01-10', 35, 35, 35, 0, 0, 0, 0, 0, 0, '2011-12-23', '2011-12-23', '2011-12-23', 0, '0000-00-00', 0, '0000-00-00', 0, '0000-00-00', 0, '0000-00-00', 0, 100),
('IC-Front-1306', 'IC board for front pack--model 1306', 'IC', 'P', 'N', 0, '2012-01-10', 37, 37, 37, 0, 0, 0, 0, 0, 0, '2011-12-23', '2011-12-23', '2011-12-23', 0, '0000-00-00', 0, '0000-00-00', 0, '0000-00-00', 0, '0000-00-00', 0, 100),
('IC-Front-1307', 'IC board for front pack--model 1307', 'IC', 'P', 'N', 0, '2012-01-10', 40, 40, 40, 0, 0, 0, 0, 0, 0, '2011-12-23', '2011-12-23', '2011-12-23', 0, '0000-00-00', 0, '0000-00-00', 0, '0000-00-00', 0, '0000-00-00', 0, 100),
('IC-tube-1304', 'IC board for tube--model 1307', 'IC', 'P', 'N', 0, '2012-01-10', 20.5, 20.5, 20.5, 0, 0, 0, 0, 0, 0, '2011-12-23', '2011-12-23', '2011-12-23', 0, '0000-00-00', 0, '0000-00-00', 0, '0000-00-00', 0, '0000-00-00', 0, 100),
('IC-tube-1305', 'IC board for tube--model 1305', 'IC', 'P', 'N', 0, '2012-01-10', 25, 25, 25, 0, 0, 0, 0, 0, 0, '2011-12-23', '2011-12-23', '2011-12-23', 0, '0000-00-00', 0, '0000-00-00', 0, '0000-00-00', 0, '0000-00-00', 0, 100),
('IC-tube-1306', 'IC board for tube--model 1306', 'IC', 'P', 'N', 0, '2012-01-10', 28, 28, 28, 0, 0, 0, 0, 0, 0, '2011-12-23', '2011-12-23', '2011-12-23', 0, '0000-00-00', 0, '0000-00-00', 0, '0000-00-00', 0, '0000-00-00', 0, 100),
('IC-tube-1307', 'IC board for tube--model 1307', 'IC', 'P', 'N', 0, '2012-01-10', 40, 40, 40, 0, 0, 0, 0, 0, 0, '2011-12-23', '2011-12-23', '2011-12-23', 0, '0000-00-00', 0, '0000-00-00', 0, '0000-00-00', 0, '0000-00-00', 0, 100),
('Pack-cpd1304', 'Plastic Cover Pack for Model 1304', 'PK', 'M', 'Y', 2, '2012-01-10', 84.36, 84.36, 84.36, 67.1, 67.1, 67.1, 68.8, 68.8, 68.8, '2012-01-10', '2012-01-10', '2012-01-03', 350, '2011-12-23', 0, '0000-00-00', 0, '0000-00-00', 0, '0000-00-00', 2, 10),
('Pack-cpd1305', 'Plastic Cover Pack for Model 1305', 'PK', 'M', 'Y', 2, '2012-01-10', 91.57, 91.57, 91.57, 78.4, 78.4, 78.4, 82.5, 82.5, 82.5, '2012-01-10', '2012-01-10', '2012-01-03', 350, '2011-12-23', 0, '0000-00-00', 0, '0000-00-00', 0, '0000-00-00', 2, 10),
('Pack-cpd1306', 'Plastic Cover Pack for Model 1306', 'PK', 'M', 'Y', 2, '2012-01-10', 98.34, 98.34, 98.34, 80.2, 80.2, 80.2, 85.4, 85.4, 85.4, '2012-01-10', '2012-01-10', '2012-01-03', 300, '2011-12-23', 0, '0000-00-00', 0, '0000-00-00', 0, '0000-00-00', 2, 10),
('Pack-cpd1307', 'Plastic Cover Pack for Model 1307', 'PK', 'M', 'Y', 2, '2012-01-10', 101.34, 101.34, 101.34, 94.4, 94.4, 94.4, 99.2, 99.2, 99.2, '2012-01-10', '2012-01-10', '2012-01-03', 320, '2011-12-23', 0, '0000-00-00', 0, '0000-00-00', 0, '0000-00-00', 2, 10),
('Power-Cord-1', 'Power Cord standard size 1', 'CD', 'P', 'N', 0, '2012-01-10', 2.35, 2.35, 2.35, 0, 0, 0, 0, 0, 0, '2011-12-23', '2011-12-23', '2011-12-23', 0, '0000-00-00', 0, '0000-00-00', 0, '0000-00-00', 0, '0000-00-00', 0, 100),
('Powerswitch1304', 'Power switch for model 1304', 'SW', 'P', 'N', 0, '2012-01-10', 1.2, 1.2, 1.2, 0, 0, 0, 0, 0, 0, '2011-12-23', '2011-12-23', '2011-12-23', 0, '0000-00-00', 0, '0000-00-00', 0, '0000-00-00', 0, '0000-00-00', 0, 1000),
('Powerswitch1305', 'Power switch for model 1305', 'SW', 'P', 'N', 0, '2012-01-10', 2, 2, 2, 0, 0, 0, 0, 0, 0, '2011-12-23', '2011-12-23', '2011-12-23', 0, '0000-00-00', 0, '0000-00-00', 0, '0000-00-00', 0, '0000-00-00', 0, 1000),
('Powerswitch1306', 'Power switch for model 1306', 'SW', 'P', 'N', 0, '2012-01-10', 2.2, 2.2, 2.2, 0, 0, 0, 0, 0, 0, '2011-12-23', '2011-12-23', '2011-12-23', 0, '0000-00-00', 0, '0000-00-00', 0, '0000-00-00', 0, '0000-00-00', 0, 1000),
('Powerswitch1307', 'Power switch for model 1307', 'SW', 'P', 'N', 0, '2012-01-10', 2.2, 2.2, 2.2, 0, 0, 0, 0, 0, 0, '2011-12-23', '2011-12-23', '2011-12-23', 0, '0000-00-00', 0, '0000-00-00', 0, '0000-00-00', 0, '0000-00-00', 0, 1000),
('Screencover1304', 'Screen Cover for mode 1304', 'CV', 'P', 'N', 0, '2012-01-10', 5.45, 5.45, 5.45, 0, 0, 0, 0, 0, 0, '2011-12-23', '2011-12-23', '2011-12-23', 0, '0000-00-00', 0, '0000-00-00', 0, '0000-00-00', 0, '0000-00-00', 0, 10),
('Screencover1305', 'Screen Cover for mode 1305', 'CV', 'P', 'N', 0, '2012-01-10', 6, 6, 6, 0, 0, 0, 0, 0, 0, '2011-12-23', '2011-12-23', '2011-12-23', 0, '0000-00-00', 0, '0000-00-00', 0, '0000-00-00', 0, '0000-00-00', 0, 10),
('Screencover1306', 'Screen Cover for mode 1306', 'CV', 'P', 'N', 0, '2012-01-10', 6.5, 6.5, 6.5, 0, 0, 0, 0, 0, 0, '2011-12-23', '2011-12-23', '2011-12-23', 0, '0000-00-00', 0, '0000-00-00', 0, '0000-00-00', 0, '0000-00-00', 0, 10),
('Screencover1307', 'Screen Cover for mode 1307', 'CV', 'P', 'N', 0, '2012-01-10', 7, 7, 7, 0, 0, 0, 0, 0, 0, '2011-12-23', '2011-12-23', '2011-12-23', 0, '0000-00-00', 0, '0000-00-00', 0, '0000-00-00', 0, '0000-00-00', 0, 10),
('Screw-D-1', 'Screw Driver standard size 1', 'SD', 'P', 'N', 0, '2012-01-10', 0.02, 0.02, 0.02, 0, 0, 0, 0, 0, 0, '2011-12-23', '2011-12-23', '2011-12-23', 0, '0000-00-00', 0, '0000-00-00', 0, '0000-00-00', 0, '0000-00-00', 0, 1000),
('Screw-D-3', 'Screw Driver standard size 3', 'SD', 'P', 'N', 0, '2012-01-10', 0.04, 0.04, 0.04, 0, 0, 0, 0, 0, 0, '2011-12-23', '2011-12-23', '2011-12-23', 0, '0000-00-00', 0, '0000-00-00', 0, '0000-00-00', 0, '0000-00-00', 0, 1000),
('Stand-cpd', 'Plastic Stand for VGA Monitors', 'ST', 'P', 'Y', 0, '2012-01-10', 52, 52, 52, 0, 0, 0, 0, 0, 0, '2011-12-23', '2011-12-23', '2011-12-23', 60, '2011-12-23', 0, '0000-00-00', 0, '0000-00-00', 0, '0000-00-00', 0, 100),
('Switch-2-Button', '2-button switch for monitors', 'SW', 'P', 'N', 0, '2012-01-10', 0.5, 0.5, 0.5, 0, 0, 0, 0, 0, 0, '2011-12-23', '2011-12-23', '2011-12-23', 0, '0000-00-00', 0, '0000-00-00', 0, '0000-00-00', 0, '0000-00-00', 0, 1000),
('Tube-cpd1304', 'Vacuum Tube for Model 1304', 'TU', 'M', 'Y', 2, '2012-01-10', 133.57, 133.57, 133.57, 18, 18, 18, 22.5, 22.5, 22.5, '2012-01-10', '2012-01-10', '2012-01-03', 450, '2011-12-23', 0, '0000-00-00', 0, '0000-00-00', 0, '0000-00-00', 1, 1),
('Tube-cpd1305', 'Vacuum Tube for Model 1305', 'TU', 'M', 'Y', 2, '2012-01-10', 175.7, 175.7, 175.7, 29, 29, 29, 35, 35, 35, '2012-01-10', '2012-01-10', '2012-01-03', 480, '2011-12-23', 0, '0000-00-00', 0, '0000-00-00', 0, '0000-00-00', 1, 1),
('Tube-cpd1306', 'Vacuum Tube for Model 1306', 'TU', 'M', 'Y', 2, '2012-01-10', 208.5, 208.5, 208.5, 36.4, 36.4, 36.4, 43, 43, 43, '2012-01-10', '2012-01-10', '2012-01-03', 550, '2011-12-23', 0, '0000-00-00', 0, '0000-00-00', 0, '0000-00-00', 1, 1),
('Tube-cpd1307', 'Vacuum Tube for Model 1307', 'TU', 'M', 'Y', 2, '2012-01-10', 220.6, 220.6, 220.6, 23, 23, 23, 27.5, 27.5, 27.5, '2012-01-10', '2012-01-10', '2012-01-03', 600, '2011-12-23', 0, '0000-00-00', 0, '0000-00-00', 0, '0000-00-00', 1, 1),
('Tube-kkk-17', '17" inch vacuum tube', 'TU', 'P', 'N', 0, '2012-01-10', 112.87, 112.87, 112.87, 0, 0, 0, 0, 0, 0, '2011-12-23', '2011-12-23', '2011-12-23', 0, '0000-00-00', 0, '0000-00-00', 0, '0000-00-00', 0, '0000-00-00', 0, 1),
('Tube-kkk-20', '20" inch vacuum tube', 'TU', 'P', 'N', 0, '2012-01-10', 150.5, 150.5, 150.5, 0, 0, 0, 0, 0, 0, '2011-12-23', '2011-12-23', '2011-12-23', 0, '0000-00-00', 0, '0000-00-00', 0, '0000-00-00', 0, '0000-00-00', 0, 1),
('Tube-kkk-21', '21" inch vacuum tube', 'TU', 'P', 'N', 0, '2012-01-10', 180.2, 180.2, 180.2, 0, 0, 0, 0, 0, 0, '2011-12-23', '2011-12-23', '2011-12-23', 0, '0000-00-00', 0, '0000-00-00', 0, '0000-00-00', 0, '0000-00-00', 0, 1),
('VGA-cpd1304', 'VGA Monitor Model 1304', 'VG', 'M', 'Y', 2, '2012-01-10', 281.59, 281.59, 281.59, 88.34, 88.34, 88.34, 94.83, 94.83, 94.83, '2012-01-10', '2012-01-10', '2012-01-03', 800, '2011-12-23', 0, '0000-00-00', 0, '0000-00-00', 0, '0000-00-00', 3, 1),
('VGA-cpd1305', 'VGA Monitor Model 1305', 'VG', 'M', 'Y', 2, '2012-01-10', 331.43, 331.43, 331.43, 112.51, 112.51, 112.51, 123.03, 123.03, 123.03, '2012-01-10', '2012-01-10', '2012-01-03', 950, '2011-12-23', 0, '0000-00-00', 0, '0000-00-00', 0, '0000-00-00', 3, 1),
('VGA-cpd1306', 'VGA Monitor Model 1306', 'VG', 'M', 'Y', 2, '2012-01-10', 374, 374, 374, 128.1, 128.1, 128.1, 140.9, 140.9, 140.9, '2012-01-10', '2012-01-10', '2012-01-03', 1050, '2011-12-23', 0, '0000-00-00', 0, '0000-00-00', 0, '0000-00-00', 3, 1),
('VGA-cpd1307', 'VGA Monitor Model 1307', 'VG', 'M', 'Y', 2, '2012-01-10', 404.1, 404.1, 404.1, 122, 122, 122, 131.7, 131.7, 131.7, '2012-01-10', '2012-01-10', '2012-01-03', 1200, '2011-12-23', 0, '0000-00-00', 0, '0000-00-00', 0, '0000-00-00', 3, 1),
('Stand-lcd', 'Plastic Stand for VGA Monitors', 'ST', 'P', 'Y', 0, '2016-05-19', 50, 50, 50, 0, 0, 0, 0, 0, 0, '2011-12-24', '2011-12-24', '2011-12-24', 60, '2016-05-19', 60, '2011-12-24', 0, '0000-00-00', 0, '0000-00-00', 0, 100),
('Cable-Cord-2', 'Cable-Cord standard size 2', 'CD', 'P', 'N', 0, '2012-01-10', 7, 7, 0, 0, 0, 0, 0, 0, 0, '2011-12-23', '2011-12-23', '0000-00-00', 0, '2011-12-23', 0, '0000-00-00', 0, '0000-00-00', 0, '0000-00-00', 0, 100),
('Power-Cord-2', 'Power Cord standard size 2', 'CD', 'P', 'N', 0, '2012-01-10', 3, 3, 0, 0, 0, 0, 0, 0, 0, '2011-12-23', '2011-12-23', '0000-00-00', 0, '2011-12-23', 0, '0000-00-00', 0, '0000-00-00', 0, '0000-00-00', 0, 100),
('Box-lcd-6304', 'Paper Box Pack for Model 6304', 'LBX', 'P', 'N', 0, '2012-01-10', 12, 12, 0, 0, 0, 0, 0, 0, 0, '2011-12-23', '2011-12-23', '0000-00-00', 0, '2011-12-23', 0, '0000-00-00', 0, '0000-00-00', 0, '0000-00-00', 0, 1000),
('Box-lcd-6305', 'Paper Box Pack for Model 6305', 'LBX', 'P', 'N', 0, '2012-01-10', 12, 12, 0, 0, 0, 0, 0, 0, 0, '2011-12-23', '2011-12-23', '0000-00-00', 0, '2011-12-23', 0, '0000-00-00', 0, '0000-00-00', 0, '0000-00-00', 0, 1000),
('Box-lcd-6306', 'Paper Box Pack for Model 6306', 'LBX', 'P', 'N', 0, '2012-01-10', 25, 25, 0, 0, 0, 0, 0, 0, 0, '2011-12-23', '2011-12-23', '0000-00-00', 0, '2011-12-23', 0, '0000-00-00', 0, '0000-00-00', 0, '0000-00-00', 0, 1000),
('Box-lcd-6307', 'Paper Box Pack for Model 6307', 'LBX', 'P', 'N', 0, '2012-01-10', 30, 30, 0, 0, 0, 0, 0, 0, 0, '2011-12-23', '2011-12-23', '0000-00-00', 0, '2011-12-23', 0, '0000-00-00', 0, '0000-00-00', 0, '0000-00-00', 0, 1000),
('Powerswitch6304', 'Power switch for model 6304', 'SW', 'P', 'N', 0, '2012-01-10', 1, 1, 0, 0, 0, 0, 0, 0, 0, '2011-12-23', '2011-12-23', '0000-00-00', 0, '2011-12-23', 0, '0000-00-00', 0, '0000-00-00', 0, '0000-00-00', 0, 1000),
('Powerswitch6305', 'Power switch for model 6305', 'SW', 'P', 'N', 0, '2012-01-10', 1, 1, 0, 0, 0, 0, 0, 0, 0, '2011-12-23', '2011-12-23', '0000-00-00', 0, '2011-12-23', 0, '0000-00-00', 0, '0000-00-00', 0, '0000-00-00', 0, 1000),
('Powerswitch6306', 'Power switch for model 6306', 'SW', 'P', 'N', 0, '2012-01-10', 2, 2, 0, 0, 0, 0, 0, 0, 0, '2011-12-23', '2011-12-23', '0000-00-00', 0, '2011-12-23', 0, '0000-00-00', 0, '0000-00-00', 0, '0000-00-00', 0, 1000),
('Powerswitch6307', 'Power switch for model 6307', 'SW', 'P', 'N', 0, '2012-01-10', 2, 2, 0, 0, 0, 0, 0, 0, 0, '2011-12-24', '2011-12-24', '0000-00-00', 0, '2011-12-24', 0, '0000-00-00', 0, '0000-00-00', 0, '0000-00-00', 0, 1000),
('Back-cover-6304', 'Back Cover for model 6304', 'LCV', 'P', 'N', 0, '2012-01-10', 10, 10, 0, 0, 0, 0, 0, 0, 0, '2011-12-23', '2011-12-23', '0000-00-00', 0, '2011-12-23', 0, '0000-00-00', 0, '0000-00-00', 0, '0000-00-00', 0, 10),
('Back-cover-6305', 'Back Cover for model 6305', 'LCV', 'P', 'N', 0, '2012-01-10', 10, 10, 0, 0, 0, 0, 0, 0, 0, '2011-12-23', '2011-12-23', '0000-00-00', 0, '2011-12-23', 0, '0000-00-00', 0, '0000-00-00', 0, '0000-00-00', 0, 10),
('Back-cover-6306', 'Back Cover for model 6306', 'LCV', 'P', 'N', 0, '2012-01-10', 12, 12, 0, 0, 0, 0, 0, 0, 0, '2011-12-23', '2011-12-23', '0000-00-00', 0, '2011-12-23', 0, '0000-00-00', 0, '0000-00-00', 0, '0000-00-00', 0, 10),
('Back-cover-6307', 'Back Cover for model 6307', 'LCV', 'P', 'N', 0, '2012-01-10', 12, 12, 0, 0, 0, 0, 0, 0, 0, '2011-12-23', '2011-12-23', '0000-00-00', 0, '2011-12-23', 0, '0000-00-00', 0, '0000-00-00', 0, '0000-00-00', 0, 10),
('IC-Back-6304', 'IC board for Back pack--model 6304', 'LIC', 'P', 'N', 0, '2012-01-10', 25, 25, 0, 0, 0, 0, 0, 0, 0, '2011-12-23', '2011-12-23', '0000-00-00', 0, '2011-12-23', 0, '0000-00-00', 0, '0000-00-00', 0, '0000-00-00', 0, 100),
('IC-Back-6305', 'IC board for Back pack--model 6305', 'LIC', 'P', 'N', 0, '2012-01-10', 25, 25, 0, 0, 0, 0, 0, 0, 0, '2011-12-23', '2011-12-23', '0000-00-00', 0, '2011-12-23', 0, '0000-00-00', 0, '0000-00-00', 0, '0000-00-00', 0, 100),
('IC-Back-6306', 'IC board for Back pack--model 6306', 'LIC', 'P', 'N', 0, '2012-01-10', 30, 30, 0, 0, 0, 0, 0, 0, 0, '2011-12-23', '2011-12-23', '0000-00-00', 0, '2011-12-23', 0, '0000-00-00', 0, '0000-00-00', 0, '0000-00-00', 0, 100),
('IC-Back-6307', 'IC board for Back pack--model 6307', 'LIC', 'P', 'N', 0, '2012-01-10', 30, 30, 0, 0, 0, 0, 0, 0, 0, '2011-12-23', '2011-12-23', '0000-00-00', 0, '2011-12-23', 0, '0000-00-00', 0, '0000-00-00', 0, '0000-00-00', 0, 100),
('IC-Front-6304', 'IC board for front pack--model 6304', 'LIC', 'P', 'N', 0, '2012-01-10', 35, 35, 0, 0, 0, 0, 0, 0, 0, '2011-12-23', '2011-12-23', '0000-00-00', 0, '2011-12-23', 0, '0000-00-00', 0, '0000-00-00', 0, '0000-00-00', 0, 100),
('IC-Front-6305', 'IC board for front pack--model 6305', 'LIC', 'P', 'N', 0, '2012-01-10', 35, 35, 0, 0, 0, 0, 0, 0, 0, '2011-12-23', '2011-12-23', '0000-00-00', 0, '2011-12-23', 0, '0000-00-00', 0, '0000-00-00', 0, '0000-00-00', 0, 100),
('IC-Front-6306', 'IC board for front pack--model 6306', 'LIC', 'P', 'N', 0, '2012-01-10', 40, 40, 0, 0, 0, 0, 0, 0, 0, '2011-12-23', '2011-12-23', '0000-00-00', 0, '2011-12-23', 0, '0000-00-00', 0, '0000-00-00', 0, '0000-00-00', 0, 100),
('IC-Front-6307', 'IC board for front pack--model 6307', 'LIC', 'P', 'N', 0, '2012-01-10', 40, 40, 0, 0, 0, 0, 0, 0, 0, '2011-12-23', '2011-12-23', '0000-00-00', 0, '2011-12-23', 0, '0000-00-00', 0, '0000-00-00', 0, '0000-00-00', 0, 100),
('Screencover6304', 'Screen Cover for model 6304', 'LCV', 'P', 'N', 0, '2012-01-10', 6, 6, 0, 0, 0, 0, 0, 0, 0, '2011-12-24', '2011-12-24', '0000-00-00', 0, '2011-12-24', 0, '0000-00-00', 0, '0000-00-00', 0, '0000-00-00', 0, 10),
('Screencover6305', 'Screen Cover for model 6305', 'LCV', 'P', 'N', 0, '2012-01-10', 6, 6, 0, 0, 0, 0, 0, 0, 0, '2011-12-24', '2011-12-24', '0000-00-00', 0, '2011-12-24', 0, '0000-00-00', 0, '0000-00-00', 0, '0000-00-00', 0, 10),
('Screencover6306', 'Screen Cover for model 6306', 'LCV', 'P', 'N', 0, '2012-01-10', 8, 8, 0, 0, 0, 0, 0, 0, 0, '2011-12-24', '2011-12-24', '0000-00-00', 0, '2011-12-24', 0, '0000-00-00', 0, '0000-00-00', 0, '0000-00-00', 0, 10),
('Screencover6307', 'Screen Cover for model 6307', 'LCV', 'P', 'N', 0, '2012-01-10', 8, 8, 0, 0, 0, 0, 0, 0, 0, '2011-12-24', '2011-12-24', '0000-00-00', 0, '2011-12-24', 0, '0000-00-00', 0, '0000-00-00', 0, '0000-00-00', 0, 10),
('IC-lcd-6304', 'IC board for lcd--model 6304', 'LIC', 'P', 'N', 0, '2012-01-10', 20, 20, 0, 0, 0, 0, 0, 0, 0, '2011-12-25', '2011-12-25', '0000-00-00', 0, '2011-12-25', 0, '0000-00-00', 0, '0000-00-00', 0, '0000-00-00', 0, 100),
('IC-lcd-6305', 'IC board for lcd--model 6305', 'LIC', 'P', 'N', 0, '2012-01-10', 25, 25, 0, 0, 0, 0, 0, 0, 0, '2011-12-25', '2011-12-25', '0000-00-00', 0, '2011-12-25', 0, '0000-00-00', 0, '0000-00-00', 0, '0000-00-00', 0, 100),
('IC-lcd-6306', 'IC board for lcd--model 6306', 'LIC', 'P', 'N', 0, '2012-01-10', 30, 30, 0, 0, 0, 0, 0, 0, 0, '2011-12-25', '2011-12-25', '0000-00-00', 0, '2011-12-25', 0, '0000-00-00', 0, '0000-00-00', 0, '0000-00-00', 0, 100),
('IC-lcd-6307', 'IC board for lcd--model 6307', 'LIC', 'P', 'N', 0, '2012-01-10', 40, 40, 0, 0, 0, 0, 0, 0, 0, '2011-12-25', '2011-12-25', '0000-00-00', 0, '2011-12-25', 0, '0000-00-00', 0, '0000-00-00', 0, '0000-00-00', 0, 100),
('LCD-www-17', '17?? inch LCD screen', 'LCDS', 'P', 'N', 0, '2012-01-10', 100, 100, 0, 0, 0, 0, 0, 0, 0, '2011-12-24', '2011-12-24', '0000-00-00', 0, '2011-12-24', 0, '0000-00-00', 0, '0000-00-00', 0, '0000-00-00', 0, 1),
('LCD-www-20', '20?? inch LCD screen', 'LCDS', 'P', 'N', 0, '2012-01-10', 120, 120, 0, 0, 0, 0, 0, 0, 0, '2011-12-24', '2011-12-24', '0000-00-00', 0, '2011-12-24', 0, '0000-00-00', 0, '0000-00-00', 0, '0000-00-00', 0, 1),
('LCD-www-21', '21?? inch LCD screen', 'LCDS', 'P', 'N', 0, '2012-01-10', 150, 150, 0, 0, 0, 0, 0, 0, 0, '2011-12-24', '2011-12-24', '0000-00-00', 0, '2011-12-24', 0, '0000-00-00', 0, '0000-00-00', 0, '0000-00-00', 0, 1),
('LCD-www-19', '19?? inch LCD screen', 'LCDS', 'P', 'N', 0, '2012-01-10', 110, 110, 0, 0, 0, 0, 0, 0, 0, '2011-12-25', '2011-12-25', '0000-00-00', 0, '2011-12-25', 0, '0000-00-00', 0, '0000-00-00', 0, '0000-00-00', 0, 1),
('Lcdm-lcd-6304', 'LCD Moniter for Model 6304', 'LCDS', 'M', 'Y', 2, '2016-05-19', 120.2, 120.2, 0, 30, 30, 0, 36, 36, 0, '2012-01-10', '2012-01-10', '0000-00-00', 205, '2016-05-19', 0, '2011-12-25', 0, '0000-00-00', 0, '0000-00-00', 1, 1),
('Lcdm-lcd-6305', 'LCD Moniter for Model 6305', 'LCDS', 'M', 'Y', 2, '2016-05-19', 135.2, 135.2, 0, 18, 18, 0, 22, 22, 0, '2012-01-10', '2012-01-10', '0000-00-00', 193, '2016-05-19', 0, '2011-12-25', 0, '0000-00-00', 0, '0000-00-00', 1, 1),
('Lcdm-lcd-6306', 'LCD Moniter for Model 6306', 'LCDS', 'M', 'Y', 2, '2016-05-19', 150.3, 150.3, 0, 28, 28, 0, 34, 34, 0, '2012-01-10', '2012-01-10', '0000-00-00', 244, '2016-05-19', 0, '2011-12-25', 0, '0000-00-00', 0, '0000-00-00', 1, 1),
('Lcdm-lcd-6307', 'LCD Moniter for Model 6307', 'LCDS', 'M', 'Y', 2, '2016-05-19', 190.4, 190.4, 0, 18, 18, 0, 22, 22, 0, '2012-01-10', '2012-01-10', '0000-00-00', 265, '2016-05-19', 0, '2011-12-25', 0, '0000-00-00', 0, '0000-00-00', 1, 1),
('Back-Pack-6304', 'Back Pack for model 6304', 'LPK', 'M', 'Y', 3, '2016-05-19', 45.08, 45.08, 0, 24, 24, 0, 24, 24, 0, '2012-01-10', '2012-01-10', '0000-00-00', 116, '2016-05-19', 0, '2011-12-24', 0, '0000-00-00', 0, '0000-00-00', 1, 10),
('Back-Pack-6305', 'Back Pack for model 6305', 'LPK', 'M', 'Y', 3, '2016-05-19', 45.08, 45.08, 0, 27.2, 27.2, 0, 29.6, 29.6, 0, '2012-01-10', '2012-01-10', '0000-00-00', 127, '2016-05-19', 0, '2011-12-24', 0, '0000-00-00', 0, '0000-00-00', 1, 10),
('Back-Pack-6306', 'Back Pack for model 6306', 'LPK', 'M', 'Y', 3, '2016-05-19', 55.16, 55.16, 0, 27.2, 27.2, 0, 29.6, 29.6, 0, '2012-01-10', '2012-01-10', '0000-00-00', 146, '2016-05-19', 0, '2011-12-24', 0, '0000-00-00', 0, '0000-00-00', 1, 10),
('Back-Pack-6307', 'Back Pack for model 6307', 'LPK', 'M', 'Y', 3, '2016-05-19', 62.16, 62.16, 0, 34.4, 34.4, 0, 38.4, 38.4, 0, '2012-01-10', '2012-01-10', '0000-00-00', 175, '2016-05-19', 0, '2011-12-24', 0, '0000-00-00', 0, '0000-00-00', 1, 10),
('Front-Pack-6304', 'Front Pack for Model 6304', 'LPK', 'M', 'Y', 3, '2016-05-19', 43.58, 43.58, 0, 24, 24, 0, 28.8, 28.8, 0, '2012-01-10', '2012-01-10', '0000-00-00', 120, '2016-05-19', 0, '2011-12-24', 0, '0000-00-00', 0, '0000-00-00', 1, 10),
('Front-Pack-6305', 'Front Pack for Model 6305', 'LPK', 'M', 'Y', 3, '2016-05-19', 43.58, 43.58, 0, 27.2, 27.2, 0, 29.6, 29.6, 0, '2012-01-10', '2012-01-10', '0000-00-00', 125, '2016-05-19', 0, '2011-12-24', 0, '0000-00-00', 0, '0000-00-00', 1, 10),
('Front-Pack-6306', 'Front Pack for Model 6306', 'LPK', 'M', 'Y', 3, '2016-05-19', 52.12, 52.12, 0, 27.2, 27.2, 0, 29.6, 29.6, 0, '2012-01-10', '2012-01-10', '0000-00-00', 136, '2016-05-19', 0, '2011-12-24', 0, '0000-00-00', 0, '0000-00-00', 1, 10),
('Front-Pack-6307', 'Front Pack for Model 6304', 'LPK', 'M', 'Y', 3, '2016-05-19', 53.16, 53.16, 0, 27.2, 27.2, 0, 29.6, 29.6, 0, '2012-01-10', '2012-01-10', '0000-00-00', 137, '2016-05-19', 0, '2011-12-24', 0, '0000-00-00', 0, '0000-00-00', 1, 10),
('Pack-lcd-6304', 'Plastic Cover Pack for Model 6304', 'LPK', 'M', 'Y', 2, '2016-05-19', 89, 89, 0, 64, 64, 0, 72.8, 72.8, 0, '2012-01-10', '2012-01-10', '0000-00-00', 271, '2016-05-19', 0, '2011-12-24', 0, '0000-00-00', 0, '0000-00-00', 2, 10),
('Pack-lcd-6305', 'Plastic Cover Pack for Model 6305', 'LPK', 'M', 'Y', 2, '2016-05-19', 89, 89, 0, 73.6, 73.6, 0, 82.4, 82.4, 0, '2012-01-10', '2012-01-10', '0000-00-00', 294, '2016-05-19', 0, '2011-12-24', 0, '0000-00-00', 0, '0000-00-00', 2, 10),
('Pack-lcd-6306', 'Plastic Cover Pack for Model 6306', 'LPK', 'M', 'Y', 2, '2016-05-19', 107.72, 107.72, 0, 76.8, 76.8, 0, 86.4, 86.4, 0, '2012-01-10', '2012-01-10', '0000-00-00', 339, '2016-05-19', 0, '2011-12-24', 0, '0000-00-00', 0, '0000-00-00', 2, 10),
('Pack-lcd-6307', 'Plastic Cover Pack for Model 6307', 'LPK', 'M', 'Y', 2, '2016-05-19', 114.96, 114.96, 0, 84, 84, 0, 95.2, 95.2, 0, '2012-01-10', '2012-01-10', '0000-00-00', 368, '2016-05-19', 0, '2011-12-24', 0, '0000-00-00', 0, '0000-00-00', 2, 10),
('LCD-lcd-6304', 'LCD Monitor Model 6304', 'LCDM', 'M', 'Y', 2, '2016-05-19', 271.36, 271.36, 0, 100, 100, 0, 116.05, 116.05, 0, '2012-01-10', '2012-01-10', '0000-00-00', 536, '2016-05-19', 0, '2011-12-25', 0, '0000-00-00', 0, '0000-00-00', 3, 1),
('LCD-lcd-6305', 'LCD Monitor Model 6305', 'LCDM', 'M', 'Y', 2, '2016-05-19', 286.36, 286.36, 0, 97.6, 97.6, 0, 111.65, 111.65, 0, '2012-01-10', '2012-01-10', '0000-00-00', 545, '2016-05-19', 0, '2011-12-25', 0, '0000-00-00', 0, '0000-00-00', 3, 1),
('LCD-lcd-6306', 'LCD Monitor Model 6306', 'LCDM', 'M', 'Y', 2, '2016-05-19', 333.18, 333.18, 0, 116.8, 116.8, 0, 134.9, 134.9, 0, '2012-01-10', '2012-01-10', '0000-00-00', 673, '2016-05-19', 0, '2011-12-25', 0, '0000-00-00', 0, '0000-00-00', 3, 1),
('LCD-lcd-6307', 'LCD Monitor Model 6307', 'LCDM', 'M', 'Y', 2, '2016-05-19', 385.52, 385.52, 0, 106, 106, 0, 121.95, 121.95, 0, '2012-01-10', '2012-01-10', '0000-00-00', 705, '2016-05-19', 0, '2011-12-25', 0, '0000-00-00', 0, '0000-00-00', 3, 1);

-- --------------------------------------------------------

--
-- 資料表結構 `LOCBAL`
--

CREATE TABLE `LOCBAL` (
  `whouse` varchar(5) COLLATE utf8_bin NOT NULL,
  `itemno` varchar(20) COLLATE utf8_bin NOT NULL,
  `locno` varchar(20) COLLATE utf8_bin NOT NULL,
  `qtyonhand` int(11) NOT NULL,
  `qtyperend` int(11) NOT NULL,
  `date_l_mnt` date NOT NULL,
  `date_onhnd` date NOT NULL,
  `date_fifo` date NOT NULL,
  `actcode` tinyint(4) NOT NULL,
  `date_prupd` date DEFAULT NULL
) ENGINE=InnoDB DEFAULT CHARSET=utf8 COLLATE=utf8_bin;

--
-- 資料表的匯出資料 `LOCBAL`
--

INSERT INTO `LOCBAL` (`whouse`, `itemno`, `locno`, `qtyonhand`, `qtyperend`, `date_l_mnt`, `date_onhnd`, `date_fifo`, `actcode`, `date_prupd`) VALUES
('A', 'Back-cover-1304', '10101', 125, 0, '2016-05-17', '2016-05-17', '2016-05-16', 0, '0000-00-00'),
('A', 'Back-cover-1305', '10102', 130, 0, '2016-05-17', '2016-05-17', '2016-05-16', 0, '0000-00-00'),
('A', 'Back-cover-1306', '10103', 130, 0, '2016-05-17', '2016-05-17', '2016-05-16', 0, '0000-00-00'),
('A', 'Back-cover-1307', '10104', 135, 0, '2016-05-17', '2016-05-17', '2016-05-16', 0, '0000-00-00'),
('A', 'Back-cover-6304', '40203', 125, 0, '2016-05-17', '2016-05-17', '2016-05-16', 0, '0000-00-00'),
('A', 'Back-cover-6305', '40204', 130, 0, '2016-05-17', '2016-05-17', '2016-05-16', 0, '0000-00-00'),
('A', 'Back-cover-6306', '40205', 130, 0, '2016-05-17', '2016-05-17', '2016-05-16', 0, '0000-00-00'),
('A', 'Back-cover-6307', '50101', 135, 0, '2016-05-17', '2016-05-17', '2016-05-16', 0, '0000-00-00'),
('A', 'Box-cpd1304', '10105', 937, 0, '2016-05-17', '2016-05-17', '2016-05-16', 0, '0000-00-00'),
('A', 'Box-cpd1305', '10201', 943, 0, '2016-05-17', '2016-05-17', '2016-05-16', 0, '0000-00-00'),
('A', 'Box-cpd1306', '10202', 942, 0, '2016-05-17', '2016-05-17', '2016-05-16', 0, '0000-00-00'),
('A', 'Box-cpd1307', '10203', 946, 0, '2016-05-17', '2016-05-17', '2016-05-16', 0, '0000-00-00'),
('A', 'Box-lcd-6304', '50102', 937, 0, '2016-05-17', '2016-05-17', '2016-05-16', 0, '0000-00-00'),
('A', 'Box-lcd-6305', '50103', 943, 0, '2016-05-17', '2016-05-17', '2016-05-16', 0, '0000-00-00'),
('A', 'Box-lcd-6306', '50104', 942, 0, '2016-05-17', '2016-05-17', '2016-05-16', 0, '0000-00-00'),
('A', 'Box-lcd-6307', '50105', 946, 0, '2016-05-17', '2016-05-17', '2016-05-16', 0, '0000-00-00'),
('A', 'Cable-Cord-1', '10204', 720, 0, '2016-05-17', '2016-05-17', '2016-05-16', 0, '0000-00-00'),
('A', 'Cable-Cord-2', '50106', 720, 0, '2016-05-17', '2016-05-17', '2016-05-16', 0, '0000-00-00'),
('A', 'IC-Back-1304', '10205', 925, 0, '2016-05-17', '2016-05-17', '2016-05-16', 0, '0000-00-00'),
('A', 'IC-Back-1305', '20101', 930, 0, '2016-05-17', '2016-05-17', '2016-05-16', 0, '0000-00-00'),
('A', 'IC-Back-1306', '20102', 930, 0, '2016-05-17', '2016-05-17', '2016-05-16', 0, '0000-00-00'),
('A', 'IC-Back-1307', '20103', 930, 0, '2016-05-17', '2016-05-17', '2016-05-16', 0, '0000-00-00'),
('A', 'IC-Back-6304', '50107', 925, 0, '2016-05-17', '2016-05-17', '2016-05-16', 0, '0000-00-00'),
('A', 'IC-Back-6305', '50108', 930, 0, '2016-05-17', '2016-05-17', '2016-05-16', 0, '0000-00-00'),
('A', 'IC-Back-6306', '50109', 930, 0, '2016-05-17', '2016-05-17', '2016-05-16', 0, '0000-00-00'),
('A', 'IC-Back-6307', '50110', 935, 0, '2016-05-17', '2016-05-17', '2016-05-16', 0, '0000-00-00'),
('A', 'IC-Front-1304', '20104', 925, 0, '2016-05-17', '2016-05-17', '2016-05-17', 0, '0000-00-00'),
('A', 'IC-Front-1305', '20105', 930, 0, '2016-05-17', '2016-05-17', '2016-05-17', 0, '0000-00-00'),
('A', 'IC-Front-1306', '20201', 930, 0, '2016-05-17', '2016-05-17', '2016-05-17', 0, '0000-00-00'),
('A', 'IC-Front-1307', '20202', 935, 0, '2016-05-17', '2016-05-17', '2016-05-17', 0, '0000-00-00'),
('A', 'IC-Front-6304', '50201', 925, 0, '2016-05-17', '2016-05-17', '2016-05-17', 0, '0000-00-00'),
('A', 'IC-Front-6305', '50202', 930, 0, '2016-05-17', '2016-05-17', '2016-05-17', 0, '0000-00-00'),
('A', 'IC-Front-6306', '50203', 930, 0, '2016-05-17', '2016-05-17', '2016-05-17', 0, '0000-00-00'),
('A', 'IC-Front-6307', '50204', 935, 0, '2016-05-17', '2016-05-17', '2016-05-17', 0, '0000-00-00'),
('A', 'IC-lcd-6304', '50205', 130, 0, '2016-05-17', '2016-05-17', '2016-05-17', 0, '0000-00-00'),
('A', 'IC-lcd-6305', '50206', 130, 0, '2016-05-17', '2016-05-17', '2016-05-17', 0, '0000-00-00'),
('A', 'IC-lcd-6306', '50207', 130, 0, '2016-05-17', '2016-05-17', '2016-05-17', 0, '0000-00-00'),
('A', 'IC-lcd-6307', '50208', 130, 0, '2016-05-17', '2016-05-17', '2016-05-17', 0, '0000-00-00'),
('A', 'IC-tube-1304', '20203', 130, 0, '2016-05-17', '2016-05-17', '2016-05-17', 0, '0000-00-00'),
('A', 'IC-tube-1305', '20204', 130, 0, '2016-05-17', '2016-05-17', '2016-05-17', 0, '0000-00-00'),
('A', 'IC-tube-1306', '20205', 130, 0, '2016-05-17', '2016-05-17', '2016-05-17', 0, '0000-00-00'),
('A', 'IC-tube-1307', '30101', 130, 0, '2016-05-17', '2016-05-17', '2016-05-17', 0, '0000-00-00'),
('A', 'LCD-www-17', '50209', 30, 0, '2016-05-17', '2016-05-17', '2016-05-17', 0, '0000-00-00'),
('A', 'LCD-www-19', '50210', 30, 0, '2016-05-17', '2016-05-17', '2016-05-17', 0, '0000-00-00'),
('A', 'LCD-www-20', '60101', 30, 0, '2016-05-17', '2016-05-17', '2016-05-17', 0, '0000-00-00'),
('A', 'LCD-www-21', '60102', 30, 0, '2016-05-17', '2016-05-17', '2016-05-17', 0, '0000-00-00'),
('A', 'Power-Cord-1', '30102', 720, 0, '2016-05-17', '2016-05-17', '2016-05-17', 0, '0000-00-00'),
('A', 'Power-Cord-2', '60103', 720, 0, '2016-05-17', '2016-05-17', '2016-05-17', 0, '0000-00-00'),
('A', 'Powerswitch1304', '30103', 925, 0, '2016-05-17', '2016-05-17', '2016-05-17', 0, '0000-00-00'),
('A', 'Powerswitch1305', '30104', 930, 0, '2016-05-17', '2016-05-17', '2016-05-17', 0, '0000-00-00'),
('A', 'Powerswitch1306', '30105', 930, 0, '2016-05-17', '2016-05-17', '2016-05-17', 0, '0000-00-00'),
('A', 'Powerswitch1307', '30201', 935, 0, '2016-05-17', '2016-05-17', '2016-05-17', 0, '0000-00-00'),
('A', 'Powerswitch6304', '60104', 925, 0, '2016-05-17', '2016-05-17', '2016-05-17', 0, '0000-00-00'),
('A', 'Powerswitch6305', '60105', 930, 0, '2016-05-17', '2016-05-17', '2016-05-17', 0, '0000-00-00'),
('A', 'Powerswitch6306', '60106', 930, 0, '2016-05-17', '2016-05-17', '2016-05-17', 0, '0000-00-00'),
('A', 'Powerswitch6307', '60107', 935, 0, '2016-05-17', '2016-05-17', '2016-05-17', 0, '0000-00-00'),
('A', 'Screencover1304', '30202', 125, 0, '2016-05-17', '2016-05-17', '2016-05-17', 0, '0000-00-00'),
('A', 'Screencover1305', '30203', 130, 0, '2016-05-17', '2016-05-17', '2016-05-17', 0, '0000-00-00'),
('A', 'Screencover1306', '30204', 130, 0, '2016-05-17', '2016-05-17', '2016-05-17', 0, '0000-00-00'),
('A', 'Screencover1307', '30205', 135, 0, '2016-05-17', '2016-05-17', '2016-05-17', 0, '0000-00-00'),
('A', 'Screencover6304', '60108', 125, 0, '2016-05-17', '2016-05-17', '2016-05-17', 0, '0000-00-00'),
('A', 'Screencover6305', '60109', 130, 0, '2016-05-17', '2016-05-17', '2016-05-17', 0, '0000-00-00'),
('A', 'Screencover6306', '60110', 130, 0, '2016-05-17', '2016-05-17', '2016-05-17', 0, '0000-00-00'),
('A', 'Screencover6307', '60201', 135, 0, '2016-05-17', '2016-05-17', '2016-05-17', 0, '0000-00-00'),
('A', 'Screw-D-1', '40101', 1000, 0, '2016-05-17', '2016-05-17', '2016-05-17', 0, '0000-00-00'),
('A', 'Screw-D-3', '40102', 1000, 0, '2016-05-17', '2016-05-17', '2016-05-17', 0, '0000-00-00'),
('A', 'Stand-cpd', '40103', 263, 0, '2016-05-17', '2016-05-17', '2016-05-17', 0, '0000-00-00'),
('A', 'Stand-lcd', '60202', 268, 0, '2016-05-17', '2016-05-17', '2016-05-17', 0, '0000-00-00'),
('A', 'Switch-2-Button', '40104', 1000, 0, '2016-05-17', '2016-05-17', '2016-05-17', 0, '0000-00-00'),
('A', 'Tube-kkk-17', '40105', 30, 0, '2016-05-17', '2016-05-17', '2016-05-17', 0, '0000-00-00'),
('A', 'Tube-kkk-20', '40201', 30, 0, '2016-05-17', '2016-05-17', '2016-05-17', 0, '0000-00-00'),
('A', 'Tube-kkk-21', '40202', 60, 0, '2016-05-17', '2016-05-17', '2016-05-17', 0, '0000-00-00'),
('B', 'Back-cover-1304', 'RC001', 0, 0, '2016-05-17', '2016-05-17', '2016-05-17', 0, '0000-00-00'),
('B', 'Cable-Cord-1', 'RC001', 0, 0, '2016-05-17', '2016-05-17', '2016-05-17', 0, '0000-00-00'),
('B', 'IC-Back-1304', 'RC001', 0, 0, '2016-05-17', '2016-05-17', '2016-05-17', 0, '0000-00-00'),
('B', 'Power-Cord-1', 'RC001', 0, 0, '2016-05-17', '2016-05-17', '2016-05-17', 0, '0000-00-00'),
('B', 'Back-cover-1305', 'RC001', 0, 0, '2016-05-17', '2016-05-17', '2016-05-17', 0, '0000-00-00'),
('B', 'IC-Back-1305', 'RC001', 0, 0, '2016-05-17', '2016-05-17', '2016-05-17', 0, '0000-00-00'),
('B', 'IC-Front-1304', 'RC001', 0, 0, '2016-05-17', '2016-05-17', '2016-05-17', 0, '0000-00-00'),
('B', 'Powerswitch1304', 'RC001', 0, 0, '2016-05-17', '2016-05-17', '2016-05-17', 0, '0000-00-00'),
('B', 'Screencover1304', 'RC001', 0, 0, '2016-05-17', '2016-05-17', '2016-05-17', 0, '0000-00-00'),
('B', 'Back-cover-1306', 'RC001', 0, 0, '2016-05-17', '2016-05-17', '2016-05-17', 0, '0000-00-00'),
('B', 'IC-Back-1306', 'RC001', 0, 0, '2016-05-17', '2016-05-17', '2016-05-17', 0, '0000-00-00'),
('B', 'IC-Front-1305', 'RC001', 0, 0, '2016-05-17', '2016-05-17', '2016-05-17', 0, '0000-00-00'),
('B', 'Powerswitch1305', 'RC001', 0, 0, '2016-05-17', '2016-05-17', '2016-05-17', 0, '0000-00-00'),
('B', 'Screencover1305', 'RC001', 0, 0, '2016-05-17', '2016-05-17', '2016-05-17', 0, '0000-00-00'),
('B', 'Tube-kkk-17', 'RC001', 0, 0, '2016-05-17', '2016-05-17', '2016-05-17', 0, '0000-00-00'),
('B', 'Back-cover-1307', 'RC001', 0, 0, '2016-05-17', '2016-05-17', '2016-05-17', 0, '0000-00-00'),
('B', 'Box-cpd1304', 'RC001', 0, 0, '2016-05-17', '2016-05-17', '2016-05-17', 0, '0000-00-00'),
('B', 'IC-Back-1307', 'RC001', 5, 0, '2016-05-17', '2016-05-17', '2016-05-17', 0, '0000-00-00'),
('B', 'IC-Front-1306', 'RC001', 0, 0, '2016-05-17', '2016-05-17', '2016-05-17', 0, '0000-00-00'),
('B', 'Powerswitch1306', 'RC001', 0, 0, '2016-05-17', '2016-05-17', '2016-05-17', 0, '0000-00-00'),
('B', 'Screencover1306', 'RC001', 0, 0, '2016-05-17', '2016-05-17', '2016-05-17', 0, '0000-00-00'),
('B', 'Stand-cpd', 'RC001', 5, 0, '2016-05-17', '2016-05-17', '2016-05-17', 0, '0000-00-00'),
('B', 'Tube-kkk-20', 'RC001', 0, 0, '2016-05-17', '2016-05-17', '2016-05-17', 0, '0000-00-00'),
('B', 'Box-cpd1305', 'RC001', 0, 0, '2016-05-17', '2016-05-17', '2016-05-17', 0, '0000-00-00'),
('B', 'IC-Front-1307', 'RC001', 0, 0, '2016-05-17', '2016-05-17', '2016-05-17', 0, '0000-00-00'),
('B', 'Powerswitch1307', 'RC001', 0, 0, '2016-05-17', '2016-05-17', '2016-05-17', 0, '0000-00-00'),
('B', 'Screencover1307', 'RC001', 0, 0, '2016-05-17', '2016-05-17', '2016-05-17', 0, '0000-00-00'),
('B', 'Tube-kkk-21', 'RC001', 0, 0, '2016-05-17', '2016-05-17', '2016-05-17', 0, '0000-00-00'),
('B', 'Box-cpd1306', 'RC001', 0, 0, '2016-05-17', '2016-05-17', '2016-05-17', 0, '0000-00-00'),
('B', 'Box-cpd1307', 'RC001', 0, 0, '2016-05-17', '2016-05-17', '2016-05-17', 0, '0000-00-00'),
('C', 'Back-cover-6304', 'RC001', 0, 0, '2016-05-17', '2016-05-17', '2016-05-17', 0, '0000-00-00'),
('C', 'Cable-Cord-2', 'RC001', 0, 0, '2016-05-17', '2016-05-17', '2016-05-17', 0, '0000-00-00'),
('C', 'IC-Back-6304', 'RC001', 0, 0, '2016-05-17', '2016-05-17', '2016-05-17', 0, '0000-00-00'),
('C', 'Power-Cord-2', 'RC001', 0, 0, '2016-05-17', '2016-05-17', '2016-05-17', 0, '0000-00-00'),
('C', 'Powerswitch6304', 'RC001', 0, 0, '2016-05-17', '2016-05-17', '2016-05-17', 0, '0000-00-00'),
('C', 'Screencover6304', 'RC001', 0, 0, '2016-05-17', '2016-05-17', '2016-05-17', 0, '0000-00-00'),
('C', 'Back-cover-6306', 'RC001', 0, 0, '2016-05-17', '2016-05-17', '2016-05-17', 0, '0000-00-00'),
('C', 'IC-Back-6306', 'RC001', 0, 0, '2016-05-17', '2016-05-17', '2016-05-17', 0, '0000-00-00'),
('C', 'IC-Front-6305', 'RC001', 0, 0, '2016-05-17', '2016-05-17', '2016-05-17', 0, '0000-00-00'),
('C', 'LCD-www-17', 'RC001', 0, 0, '2016-05-17', '2016-05-17', '2016-05-17', 0, '0000-00-00'),
('C', 'Powerswitch6305', 'RC001', 0, 0, '2016-05-17', '2016-05-17', '2016-05-17', 0, '0000-00-00'),
('C', 'Screencover6305', 'RC001', 0, 0, '2016-05-17', '2016-05-17', '2016-05-17', 0, '0000-00-00'),
('C', 'Back-cover-6307', 'RC001', 0, 0, '2016-05-17', '2016-05-17', '2016-05-17', 0, '0000-00-00'),
('C', 'Box-lcd-6304', 'RC001', 0, 0, '2016-05-17', '2016-05-17', '2016-05-17', 0, '0000-00-00'),
('C', 'IC-Back-6307', 'RC001', 0, 0, '2016-05-17', '2016-05-17', '2016-05-17', 0, '0000-00-00'),
('C', 'IC-Front-6306', 'RC001', 0, 0, '2016-05-17', '2016-05-17', '2016-05-17', 0, '0000-00-00'),
('C', 'IC-lcd-6305', 'RC001', 0, 0, '2016-05-17', '2016-05-17', '2016-05-17', 0, '0000-00-00'),
('C', 'LCD-www-19', 'RC001', 0, 0, '2016-05-17', '2016-05-17', '2016-05-17', 0, '0000-00-00'),
('C', 'Powerswitch6306', 'RC001', 0, 0, '2016-05-17', '2016-05-17', '2016-05-17', 0, '0000-00-00'),
('C', 'Screencover6306', 'RC001', 0, 0, '2016-05-17', '2016-05-17', '2016-05-17', 0, '0000-00-00'),
('C', 'Stand-lcd', 'RC001', 0, 0, '2016-05-17', '2016-05-17', '2016-05-17', 0, '0000-00-00'),
('C', 'Box-lcd-6305', 'RC001', 0, 0, '2016-05-17', '2016-05-17', '2016-05-17', 0, '0000-00-00'),
('C', 'IC-Front-6307', 'RC001', 0, 0, '2016-05-17', '2016-05-17', '2016-05-17', 0, '0000-00-00'),
('C', 'IC-lcd-6306', 'RC001', 0, 0, '2016-05-17', '2016-05-17', '2016-05-17', 0, '0000-00-00'),
('C', 'LCD-www-20', 'RC001', 0, 0, '2016-05-17', '2016-05-17', '2016-05-17', 0, '0000-00-00'),
('C', 'Powerswitch6307', 'RC001', 0, 0, '2016-05-17', '2016-05-17', '2016-05-17', 0, '0000-00-00'),
('C', 'Screencover6307', 'RC001', 0, 0, '2016-05-17', '2016-05-17', '2016-05-17', 0, '0000-00-00'),
('C', 'Box-lcd-6306', 'RC001', 0, 0, '2016-05-17', '2016-05-17', '2016-05-17', 0, '0000-00-00'),
('C', 'IC-lcd-6307', 'RC001', 0, 0, '2016-05-17', '2016-05-17', '2016-05-17', 0, '0000-00-00'),
('C', 'LCD-www-21', 'RC001', 0, 0, '2016-05-17', '2016-05-17', '2016-05-17', 0, '0000-00-00'),
('C', 'Box-lcd-6307', 'RC001', 0, 0, '2016-05-17', '2016-05-17', '2016-05-17', 0, '0000-00-00'),
('C', 'Back-cover-6305', 'RC001', 0, 0, '2016-05-17', '2016-05-17', '2016-05-17', 0, '0000-00-00'),
('C', 'IC-Back-6305', 'RC001', 0, 0, '2016-05-17', '2016-05-17', '2016-05-17', 0, '0000-00-00'),
('C', 'IC-Front-6304', 'RC001', 0, 0, '2016-05-17', '2016-05-17', '2016-05-17', 0, '0000-00-00'),
('C', 'IC-lcd-6304', 'RC001', 0, 0, '2016-05-17', '2016-05-17', '2016-05-17', 0, '0000-00-00'),
('B', 'Back-Pack-1304', 'RC001', 5, 0, '2016-05-17', '2016-05-17', '2016-05-17', 0, '0000-00-00'),
('B', 'Back-Pack-1305', 'RC001', 0, 0, '2016-05-17', '2016-05-17', '2016-05-17', 0, '0000-00-00'),
('B', 'Back-Pack-1306', 'RC001', 3, 0, '2016-05-17', '2016-05-17', '2016-05-17', 0, '0000-00-00'),
('B', 'Back-Pack-1307', 'RC001', 0, 0, '2016-05-17', '2016-05-17', '2016-05-17', 0, '0000-00-00'),
('B', 'Front-Pack-1304', 'RC001', 2, 0, '2016-05-17', '2016-05-17', '2016-05-17', 0, '0000-00-00'),
('B', 'Front-Pack-1305', 'RC001', 0, 0, '2016-05-17', '2016-05-17', '2016-05-17', 0, '0000-00-00'),
('B', 'Front-Pack-1306', 'RC001', 0, 0, '2016-05-17', '2016-05-17', '2016-05-17', 0, '0000-00-00'),
('B', 'Front-Pack-1307', 'RC001', 0, 0, '2016-05-17', '2016-05-17', '2016-05-17', 0, '0000-00-00'),
('B', 'Pack-cpd1304', 'RC001', 0, 0, '2016-05-18', '2016-05-18', '2016-05-17', 0, '0000-00-00'),
('B', 'Pack-cpd1305', 'RC001', 0, 0, '2016-05-18', '2016-05-18', '2016-05-17', 0, '0000-00-00'),
('B', 'Pack-cpd1306', 'RC001', 0, 0, '2016-05-18', '2016-05-18', '2016-05-17', 0, '0000-00-00'),
('B', 'Pack-cpd1307', 'RC001', 0, 0, '2016-05-18', '2016-05-18', '2016-05-17', 0, '0000-00-00'),
('B', 'IC-tube-1304', 'RC001', 0, 0, '2016-05-17', '2016-05-17', '2016-05-17', 0, '0000-00-00'),
('B', 'IC-tube-1305', 'RC001', 0, 0, '2016-05-17', '2016-05-17', '2016-05-17', 0, '0000-00-00'),
('B', 'IC-tube-1306', 'RC001', 0, 0, '2016-05-17', '2016-05-17', '2016-05-17', 0, '0000-00-00'),
('B', 'IC-tube-1307', 'RC001', 0, 0, '2016-05-17', '2016-05-17', '2016-05-17', 0, '0000-00-00'),
('B', 'Tube-cpd1304', 'RC001', 0, 0, '2016-05-18', '2016-05-18', '2016-05-17', 0, '0000-00-00'),
('B', 'Tube-cpd1305', 'RC001', 0, 0, '2016-05-18', '2016-05-18', '2016-05-17', 0, '0000-00-00'),
('B', 'Tube-cpd1306', 'RC001', 0, 0, '2016-05-18', '2016-05-18', '2016-05-17', 0, '0000-00-00'),
('B', 'Tube-cpd1307', 'RC001', 0, 0, '2016-05-18', '2016-05-18', '2016-05-17', 0, '0000-00-00'),
('B', 'VGA-cpd1304', 'RC001', 0, 0, '2016-05-18', '2016-05-18', '2016-05-17', 0, '0000-00-00'),
('B', 'VGA-cpd1305', 'RC001', 0, 0, '2016-05-18', '2016-05-18', '2016-05-17', 0, '0000-00-00'),
('B', 'VGA-cpd1306', 'RC001', 0, 0, '2016-05-18', '2016-05-18', '2016-05-17', 0, '0000-00-00'),
('B', 'VGA-cpd1307', 'RC001', 0, 0, '2016-05-18', '2016-05-18', '2016-05-17', 0, '0000-00-00'),
('C', 'Back-Pack-6304', 'RC001', 0, 0, '2016-05-17', '2016-05-17', '2016-05-17', 0, '0000-00-00'),
('C', 'Back-Pack-6305', 'RC001', 0, 0, '2016-05-17', '2016-05-17', '2016-05-17', 0, '0000-00-00'),
('C', 'Back-Pack-6306', 'RC001', 3, 0, '2016-05-17', '2016-05-17', '2016-05-17', 0, '0000-00-00'),
('C', 'Back-Pack-6307', 'RC001', 0, 0, '2016-05-17', '2016-05-17', '2016-05-17', 0, '0000-00-00'),
('C', 'Front-Pack-6304', 'RC001', 2, 0, '2016-05-17', '2016-05-17', '2016-05-17', 0, '0000-00-00'),
('C', 'Front-Pack-6305', 'RC001', 0, 0, '2016-05-17', '2016-05-17', '2016-05-17', 0, '0000-00-00'),
('C', 'Front-Pack-6306', 'RC001', 0, 0, '2016-05-17', '2016-05-17', '2016-05-17', 0, '0000-00-00'),
('C', 'Front-Pack-6307', 'RC001', 0, 0, '2016-05-17', '2016-05-17', '2016-05-17', 0, '0000-00-00'),
('C', 'Pack-lcd-6304', 'RC001', 0, 0, '2016-05-18', '2016-05-18', '2016-05-17', 0, '0000-00-00'),
('C', 'Pack-lcd-6305', 'RC001', 0, 0, '2016-05-18', '2016-05-18', '2016-05-17', 0, '0000-00-00'),
('C', 'Pack-lcd-6306', 'RC001', 0, 0, '2016-05-18', '2016-05-18', '2016-05-17', 0, '0000-00-00'),
('C', 'Pack-lcd-6307', 'RC001', 0, 0, '2016-05-18', '2016-05-18', '2016-05-17', 0, '0000-00-00'),
('C', 'Lcdm-lcd-6304', 'RC001', 0, 0, '2016-05-18', '2016-05-18', '2016-05-17', 0, '0000-00-00'),
('C', 'Lcdm-lcd-6305', 'RC001', 0, 0, '2016-05-18', '2016-05-18', '2016-05-17', 0, '0000-00-00'),
('C', 'Lcdm-lcd-6306', 'RC001', 0, 0, '2016-05-18', '2016-05-18', '2016-05-17', 0, '0000-00-00'),
('C', 'Lcdm-lcd-6307', 'RC001', 0, 0, '2016-05-18', '2016-05-18', '2016-05-17', 0, '0000-00-00'),
('C', 'LCD-lcd-6304', 'RC001', 0, 0, '2016-05-18', '2016-05-18', '2016-05-17', 0, '0000-00-00'),
('C', 'LCD-lcd-6305', 'RC001', 0, 0, '2016-05-18', '2016-05-18', '2016-05-17', 0, '0000-00-00'),
('C', 'LCD-lcd-6306', 'RC001', 0, 0, '2016-05-18', '2016-05-18', '2016-05-17', 0, '0000-00-00'),
('C', 'LCD-lcd-6307', 'RC001', 0, 0, '2016-05-18', '2016-05-18', '2016-05-17', 0, '0000-00-00'),
('B', 'Pack-cpd1304', 'SH001', 8, 0, '2016-05-18', '2016-05-18', '2016-05-18', 0, '0000-00-00'),
('B', 'Pack-cpd1305', 'SH001', 11, 0, '2016-05-18', '2016-05-18', '2016-05-18', 0, '0000-00-00'),
('B', 'Pack-cpd1306', 'SH001', 7, 0, '2016-05-18', '2016-05-18', '2016-05-18', 0, '0000-00-00'),
('B', 'Pack-cpd1307', 'SH001', 7, 0, '2016-05-18', '2016-05-18', '2016-05-18', 0, '0000-00-00'),
('B', 'Tube-cpd1304', 'SH001', 7, 0, '2016-05-18', '2016-05-18', '2016-05-18', 0, '0000-00-00'),
('B', 'Tube-cpd1305', 'SH001', 8, 0, '2016-05-18', '2016-05-18', '2016-05-18', 0, '0000-00-00'),
('B', 'Tube-cpd1306', 'SH001', 8, 0, '2016-05-18', '2016-05-18', '2016-05-18', 0, '0000-00-00'),
('B', 'Tube-cpd1307', 'SH001', 7, 0, '2016-05-18', '2016-05-18', '2016-05-18', 0, '0000-00-00'),
('B', 'VGA-cpd1304', 'SH001', 60, 0, '2016-05-18', '2016-05-18', '2016-05-18', 0, '0000-00-00'),
('B', 'VGA-cpd1305', 'SH001', 57, 0, '2016-05-18', '2016-05-18', '2016-05-18', 0, '0000-00-00'),
('B', 'VGA-cpd1306', 'SH001', 54, 0, '2016-05-18', '2016-05-18', '2016-05-18', 0, '0000-00-00'),
('B', 'VGA-cpd1307', 'SH001', 53, 0, '2016-05-18', '2016-05-18', '2016-05-18', 0, '0000-00-00'),
('C', 'Pack-lcd-6304', 'SH001', 8, 0, '2016-05-18', '2016-05-18', '2016-05-18', 0, '0000-00-00'),
('C', 'Pack-lcd-6305', 'SH001', 11, 0, '2016-05-18', '2016-05-18', '2016-05-18', 0, '0000-00-00'),
('C', 'Pack-lcd-6306', 'SH001', 7, 0, '2016-05-18', '2016-05-18', '2016-05-18', 0, '0000-00-00'),
('C', 'Pack-lcd-6307', 'SH001', 7, 0, '2016-05-18', '2016-05-18', '2016-05-18', 0, '0000-00-00'),
('C', 'Lcdm-lcd-6304', 'SH001', 4, 0, '2016-05-18', '2016-05-18', '2016-05-18', 0, '0000-00-00'),
('C', 'Lcdm-lcd-6305', 'SH001', 8, 0, '2016-05-18', '2016-05-18', '2016-05-18', 0, '0000-00-00'),
('C', 'Lcdm-lcd-6306', 'SH001', 8, 0, '2016-05-18', '2016-05-18', '2016-05-18', 0, '0000-00-00'),
('C', 'Lcdm-lcd-6307', 'SH001', 7, 0, '2016-05-18', '2016-05-18', '2016-05-18', 0, '0000-00-00'),
('C', 'LCD-lcd-6304', 'SH001', 60, 0, '2016-05-18', '2016-05-18', '2016-05-18', 0, '0000-00-00'),
('C', 'LCD-lcd-6305', 'SH001', 57, 0, '2016-05-18', '2016-05-18', '2016-05-18', 0, '0000-00-00'),
('C', 'LCD-lcd-6306', 'SH001', 54, 0, '2016-05-18', '2016-05-18', '2016-05-18', 0, '0000-00-00'),
('C', 'LCD-lcd-6307', 'SH001', 53, 0, '2016-05-18', '2016-05-18', '2016-05-18', 0, '0000-00-00');

-- --------------------------------------------------------

--
-- 資料表結構 `LOCMAS`
--

CREATE TABLE `LOCMAS` (
  `whouse` varchar(5) COLLATE utf8_bin NOT NULL,
  `locno` varchar(20) COLLATE utf8_bin NOT NULL,
  `descripts` varchar(50) COLLATE utf8_bin NOT NULL,
  `date_cre` date NOT NULL,
  `date_l_mnt` date NOT NULL,
  `qtytotal` int(11) NOT NULL,
  `date_qty` date NOT NULL,
  `actcode` tinyint(4) NOT NULL
) ENGINE=InnoDB DEFAULT CHARSET=utf8 COLLATE=utf8_bin;

--
-- 資料表的匯出資料 `LOCMAS`
--

INSERT INTO `LOCMAS` (`whouse`, `locno`, `descripts`, `date_cre`, `date_l_mnt`, `qtytotal`, `date_qty`, `actcode`) VALUES
('A', 'RC001', 'Receiving Area in warehouse A', '2016-05-12', '2016-05-12', 0, '2016-05-12', 0),
('A', 'SH001', 'Shipping Area in warehouse A', '2016-05-12', '2016-05-12', 0, '2016-05-12', 0),
('A', '10101', 'Storage isle 1, shelf 1, and level 1 in warehouse', '2016-05-12', '2016-05-17', 125, '2016-05-17', 0),
('A', '10102', 'Storage isle 1, shelf 1, and level 2 in warehouse', '2016-05-12', '2016-05-17', 130, '2016-05-17', 0),
('A', '10103', 'Storage isle 1, shelf 1, and level 3 in warehouse', '2016-05-12', '2016-05-17', 130, '2016-05-17', 0),
('A', '10104', 'Storage isle 1, shelf 1, and level 4 in warehouse', '2016-05-12', '2016-05-17', 135, '2016-05-17', 0),
('A', '10105', 'Storage isle 1, shelf 1, and level 5 in warehouse', '2016-05-12', '2016-05-17', 937, '2016-05-17', 0),
('A', '10201', 'Storage isle 1, shelf 2, and level 1 in warehouse', '2016-05-12', '2016-05-17', 943, '2016-05-17', 0),
('A', '10202', 'Storage isle 1, shelf 2, and level 2 in warehouse', '2016-05-12', '2016-05-17', 942, '2016-05-17', 0),
('A', '10203', 'Storage isle 1, shelf 2, and level 3 in warehouse', '2016-05-12', '2016-05-17', 946, '2016-05-17', 0),
('A', '10204', 'Storage isle 1, shelf 2, and level 4 in warehouse', '2016-05-12', '2016-05-17', 720, '2016-05-17', 0),
('A', '10205', 'Storage isle 1, shelf 2, and level 5 in warehouse', '2016-05-12', '2016-05-17', 925, '2016-05-17', 0),
('A', '20101', 'Storage isle 2, shelf 1, and level 1 in warehouse', '2016-05-12', '2016-05-17', 930, '2016-05-17', 0),
('A', '20102', 'Storage isle 2, shelf 1, and level 2 in warehouse', '2016-05-12', '2016-05-17', 930, '2016-05-17', 0),
('A', '20103', 'Storage isle 2, shelf 1, and level 3 in warehouse', '2016-05-12', '2016-05-17', 930, '2016-05-17', 0),
('A', '20104', 'Storage isle 2, shelf 1, and level 4 in warehouse', '2016-05-12', '2016-05-17', 925, '2016-05-17', 0),
('A', '20105', 'Storage isle 2, shelf 1, and level 5 in warehouse', '2016-05-12', '2016-05-17', 930, '2016-05-17', 0),
('A', '20201', 'Storage isle 2, shelf 2, and level 1 in warehouse', '2016-05-12', '2016-05-17', 930, '2016-05-17', 0),
('A', '20202', 'Storage isle 2, shelf 2, and level 2 in warehouse', '2016-05-12', '2016-05-17', 935, '2016-05-17', 0),
('A', '20203', 'Storage isle 2, shelf 2, and level 3 in warehouse', '2016-05-12', '2016-05-17', 130, '2016-05-17', 0),
('A', '20204', 'Storage isle 2, shelf 2, and level 4 in warehouse', '2016-05-12', '2016-05-17', 130, '2016-05-17', 0),
('A', '20205', 'Storage isle 2, shelf 2, and level 5 in warehouse', '2016-05-12', '2016-05-17', 130, '2016-05-17', 0),
('A', '30101', 'Storage isle 3, shelf 1, and level 1 in warehouse', '2016-05-12', '2016-05-17', 130, '2016-05-17', 0),
('A', '30102', 'Storage isle 3, shelf 1, and level 2 in warehouse', '2016-05-12', '2016-05-17', 720, '2016-05-17', 0),
('A', '30103', 'Storage isle 3, shelf 1, and level 3 in warehouse', '2016-05-12', '2016-05-17', 925, '2016-05-17', 0),
('A', '30104', 'Storage isle 3, shelf 1, and level 4 in warehouse', '2016-05-12', '2016-05-17', 930, '2016-05-17', 0),
('A', '30105', 'Storage isle 3, shelf 1, and level 5 in warehouse', '2016-05-12', '2016-05-17', 930, '2016-05-17', 0),
('A', '30201', 'Storage isle 3, shelf 2, and level 1 in warehouse', '2016-05-12', '2016-05-17', 935, '2016-05-17', 0),
('A', '30202', 'Storage isle 3, shelf 2, and level 2  in warehouse', '2016-05-12', '2016-05-17', 125, '2016-05-17', 0),
('A', '30203', 'Storage isle 3, shelf 2, and level 3 in warehouse', '2016-05-12', '2016-05-17', 130, '2016-05-17', 0),
('A', '30204', 'Storage isle 3, shelf 2, and level 4 in warehouse', '2016-05-12', '2016-05-17', 130, '2016-05-17', 0),
('A', '30205', 'Storage isle 3, shelf 2, and level 5 in warehouse', '2016-05-12', '2016-05-17', 135, '2016-05-17', 0),
('A', '40101', 'Storage isle 4, shelf 1, and level 1 in warehouse', '2016-05-12', '2016-05-17', 1000, '2016-05-17', 0),
('A', '40102', 'Storage isle 4, shelf 1, and level 2 in warehouse', '2016-05-12', '2016-05-17', 1000, '2016-05-17', 0),
('A', '40103', 'Storage isle 4, shelf 1, and level 3 in warehouse', '2016-05-12', '2016-05-17', 263, '2016-05-17', 0),
('A', '40104', 'Storage isle 4, shelf 1, and level 4 in warehouse', '2016-05-12', '2016-05-17', 1000, '2016-05-17', 0),
('A', '40105', 'Storage isle 4, shelf 1, and level 5 in warehouse', '2016-05-12', '2016-05-17', 30, '2016-05-17', 0),
('A', '40201', 'Storage isle 4, shelf 2, and level 1 in warehouse', '2016-05-12', '2016-05-17', 30, '2016-05-17', 0),
('A', '40202', 'Storage isle 4, shelf 2, and level 2 in warehouse', '2016-05-12', '2016-05-17', 60, '2016-05-17', 0),
('A', '40203', 'Storage isle 4, shelf 2, and level 3 in warehouse', '2016-05-12', '2016-05-17', 125, '2016-05-17', 0),
('A', '40204', 'Storage isle 4, shelf 2, and level 4 in warehouse', '2016-05-12', '2016-05-17', 130, '2016-05-17', 0),
('A', '40205', 'Storage isle 4, shelf 2, and level 5 in warehouse', '2016-05-12', '2016-05-17', 130, '2016-05-17', 0),
('A', '50101', 'Storage isle 5, shelf 1, and level 1 in warehouse', '2016-05-12', '2016-05-17', 135, '2016-05-17', 0),
('A', '50102', 'Storage isle 5, shelf 1, and level 2 in warehouse', '2016-05-12', '2016-05-17', 937, '2016-05-17', 0),
('A', '50103', 'Storage isle 5, shelf 1, and level 3 in warehouse', '2016-05-12', '2016-05-17', 943, '2016-05-17', 0),
('A', '50104', 'Storage isle 5, shelf 1, and level 4 in warehouse', '2016-05-12', '2016-05-17', 942, '2016-05-17', 0),
('A', '50105', 'Storage isle 5, shelf 1, and level 5 in warehouse', '2016-05-12', '2016-05-17', 946, '2016-05-17', 0),
('A', '50106', 'Storage isle 5, shelf 1, and level 6 in warehouse', '2016-05-12', '2016-05-17', 720, '2016-05-17', 0),
('A', '50107', 'Storage isle 5, shelf 1, and level 7 in warehouse', '2016-05-12', '2016-05-17', 925, '2016-05-17', 0),
('A', '50108', 'Storage isle 5, shelf 1, and level 8 in warehouse', '2016-05-12', '2016-05-17', 930, '2016-05-17', 0),
('A', '50109', 'Storage isle 5, shelf 1, and level 9 in warehouse', '2016-05-12', '2016-05-17', 930, '2016-05-17', 0),
('A', '50110', 'Storage isle 5, shelf 1, and level 10 in warehouse', '2016-05-12', '2016-05-17', 935, '2016-05-17', 0),
('A', '50201', 'Storage isle 5, shelf 2, and level 1 in warehouse', '2016-05-12', '2016-05-17', 925, '2016-05-17', 0),
('A', '50202', 'Storage isle 5, shelf 2, and level 2 in warehouse', '2016-05-12', '2016-05-17', 930, '2016-05-17', 0),
('A', '50203', 'Storage isle 5, shelf 2, and level 3 in warehouse', '2016-05-12', '2016-05-17', 930, '2016-05-17', 0),
('A', '50204', 'Storage isle 5, shelf 2, and level 4 in warehouse', '2016-05-12', '2016-05-17', 935, '2016-05-17', 0),
('A', '50205', 'Storage isle 5, shelf 2, and level 5 in warehouse', '2016-05-12', '2016-05-17', 130, '2016-05-17', 0),
('A', '50206', 'Storage isle 5, shelf 2, and level 6 in warehouse', '2016-05-12', '2016-05-17', 130, '2016-05-17', 0),
('A', '50207', 'Storage isle 5, shelf 2, and level 7 in warehouse', '2016-05-12', '2016-05-17', 130, '2016-05-17', 0),
('A', '50208', 'Storage isle 5, shelf 2, and level 8 in warehouse', '2016-05-12', '2016-05-17', 130, '2016-05-17', 0),
('A', '50209', 'Storage isle 5, shelf 2, and level 9 in warehouse', '2016-05-12', '2016-05-17', 30, '2016-05-17', 0),
('A', '50210', 'Storage isle 5, shelf 2, and level 10 in warehouse', '2016-05-12', '2016-05-17', 30, '2016-05-17', 0),
('A', '60101', 'Storage isle 6, shelf 1, and level 1 in warehouse', '2016-05-12', '2016-05-17', 30, '2016-05-17', 0),
('A', '60102', 'Storage isle 6, shelf 1, and level 2 in warehouse', '2016-05-12', '2016-05-17', 30, '2016-05-17', 0),
('A', '60103', 'Storage isle 6, shelf 1, and level 3 in warehouse', '2016-05-12', '2016-05-17', 720, '2016-05-17', 0),
('A', '60104', 'Storage isle 6, shelf 1, and level 4 in warehouse', '2016-05-12', '2016-05-17', 925, '2016-05-17', 0),
('A', '60105', 'Storage isle 6, shelf 1, and level 5 in warehouse', '2016-05-12', '2016-05-17', 930, '2016-05-17', 0),
('A', '60106', 'Storage isle 6, shelf 1, and level 6 in warehouse', '2016-05-12', '2016-05-17', 930, '2016-05-17', 0),
('A', '60107', 'Storage isle 6, shelf 1, and level 7 in warehouse', '2016-05-12', '2016-05-17', 935, '2016-05-17', 0),
('A', '60108', 'Storage isle 6, shelf 1, and level 8 in warehouse', '2016-05-12', '2016-05-17', 125, '2016-05-17', 0),
('A', '60109', 'Storage isle 6, shelf 1, and level 9 in warehouse', '2016-05-12', '2016-05-17', 130, '2016-05-17', 0),
('A', '60110', 'Storage isle 6, shelf 1, and level 10 in warehouse', '2016-05-12', '2016-05-17', 130, '2016-05-17', 0),
('A', '60201', 'Storage isle 6, shelf 2, and level 1 in warehouse', '2016-05-12', '2016-05-17', 135, '2016-05-17', 0),
('A', '60202', 'Storage isle 6, shelf 2, and level 2 in warehouse', '2016-05-12', '2016-05-17', 268, '2016-05-17', 0),
('A', '60203', 'Storage isle 6, shelf 2, and level 3 in warehouse', '2016-05-12', '2016-05-12', 0, '2016-05-12', 0),
('A', '60204', 'Storage isle 6, shelf 2, and level 4 in warehouse', '2016-05-12', '2016-05-12', 0, '2016-05-12', 0),
('A', '60205', 'Storage isle 6, shelf 2, and level 5 in warehouse', '2016-05-12', '2016-05-12', 0, '2016-05-12', 0),
('A', '60206', 'Storage isle 6, shelf 2, and level 6 in warehouse', '2016-05-12', '2016-05-12', 0, '2016-05-12', 0),
('A', '60207', 'Storage isle 6, shelf 2, and level 7 in warehouse', '2016-05-12', '2016-05-12', 0, '2016-05-12', 0),
('A', '60208', 'Storage isle 6, shelf 2, and level 8 in warehouse', '2016-05-12', '2016-05-12', 0, '2016-05-12', 0),
('A', '60209', 'Storage isle 6, shelf 2, and level 9 in warehouse', '2016-05-12', '2016-05-12', 0, '2016-05-12', 0),
('A', '60210', 'Storage isle 6, shelf 2, and level 10 in warehouse', '2016-05-12', '2016-05-12', 0, '2016-05-12', 0),
('B', 'RC001', 'Receiving Area in warehouse B', '2016-05-12', '2016-05-18', 20, '2016-05-18', 0),
('B', 'SH001', 'Shipping Area in warehouse B', '2016-05-12', '2016-05-18', 287, '2016-05-18', 0),
('B', '10101', 'Storage isle 1, shelf 1, and level 1 in warehouse', '2016-05-12', '2016-05-12', 0, '2016-05-12', 0),
('B', '10102', 'Storage isle 1, shelf 1, and level 2 in warehouse', '2016-05-12', '2016-05-12', 0, '2016-05-12', 0),
('B', '10103', 'Storage isle 1, shelf 1, and level 3 in warehouse', '2016-05-12', '2016-05-12', 0, '2016-05-12', 0),
('B', '10104', 'Storage isle 1, shelf 1, and level 4 in warehouse', '2016-05-12', '2016-05-12', 0, '2016-05-12', 0),
('B', '10105', 'Storage isle 1, shelf 1, and level 5 in warehouse', '2016-05-12', '2016-05-12', 0, '2016-05-12', 0),
('B', '20101', 'Storage isle 2, shelf 1, and level 1 in warehouse', '2016-05-12', '2016-05-12', 0, '2016-05-12', 0),
('B', '20102', 'Storage isle 2, shelf 1, and level 2 in warehouse', '2016-05-12', '2016-05-12', 0, '2016-05-12', 0),
('B', '20103', 'Storage isle 2, shelf 1, and level 3 in warehouse', '2016-05-12', '2016-05-12', 0, '2016-05-12', 0),
('B', '20104', 'Storage isle 2, shelf 1, and level 4 in warehouse', '2016-05-12', '2016-05-12', 0, '2016-05-12', 0),
('B', '20105', 'Storage isle 2, shelf 1, and level 5 in warehouse', '2016-05-12', '2016-05-12', 0, '2016-05-12', 0),
('B', '30101', 'Storage isle 3, shelf 1, and level 1 in warehouse', '2016-05-12', '2016-05-12', 0, '2016-05-12', 0),
('B', '30102', 'Storage isle 3, shelf 1, and level 2 in warehouse', '2016-05-12', '2016-05-12', 0, '2016-05-12', 0),
('B', '30103', 'Storage isle 3, shelf 1, and level 3 in warehouse', '2016-05-12', '2016-05-12', 0, '2016-05-12', 0),
('B', '30104', 'Storage isle 3, shelf 1, and level 4 in warehouse', '2016-05-12', '2016-05-12', 0, '2016-05-12', 0),
('B', '30105', 'Storage isle 3, shelf 1, and level 5 in warehouse', '2016-05-12', '2016-05-12', 0, '2016-05-12', 0),
('B', '40101', 'Storage isle 4, shelf 1, and level 1 in warehouse', '2016-05-12', '2016-05-12', 0, '2016-05-12', 0),
('B', '40102', 'Storage isle 4, shelf 1, and level 2 in warehouse', '2016-05-12', '2016-05-12', 0, '2016-05-12', 0),
('B', '40103', 'Storage isle 4, shelf 1, and level 3 in warehouse', '2016-05-12', '2016-05-12', 0, '2016-05-12', 0),
('B', '40104', 'Storage isle 4, shelf 1, and level 4 in warehouse', '2016-05-12', '2016-05-12', 0, '2016-05-12', 0),
('B', '40105', 'Storage isle 4, shelf 1, and level 5 in warehouse', '2016-05-12', '2016-05-12', 0, '2016-05-12', 0),
('B', '50101', 'Storage isle 5, shelf 1, and level 1 in warehouse', '2016-05-12', '2016-05-12', 0, '2016-05-12', 0),
('B', '50102', 'Storage isle 5, shelf 1, and level 2 in warehouse', '2016-05-12', '2016-05-12', 0, '2016-05-12', 0),
('B', '50103', 'Storage isle 5, shelf 1, and level 3 in warehouse', '2016-05-12', '2016-05-12', 0, '2016-05-12', 0),
('B', '50104', 'Storage isle 5, shelf 1, and level 4 in warehouse', '2016-05-12', '2016-05-12', 0, '2016-05-12', 0),
('B', '50105', 'Storage isle 5, shelf 1, and level 5 in warehouse', '2016-05-12', '2016-05-12', 0, '2016-05-12', 0),
('C', 'RC001', 'Receiving Area in warehouse C', '2016-05-12', '2016-05-18', 5, '2016-05-18', 0),
('C', 'SH001', 'Shipping Area in warehouse C', '2016-05-12', '2016-05-18', 284, '2016-05-18', 0),
('C', '10101', 'Storage isle 1, shelf 1, and level 1 in warehouse', '2016-05-12', '2016-05-12', 0, '2016-05-12', 0),
('C', '10102', 'Storage isle 1, shelf 1, and level 2 in warehouse', '2016-05-12', '2016-05-12', 0, '2016-05-12', 0),
('C', '10103', 'Storage isle 1, shelf 1, and level 3 in warehouse', '2016-05-12', '2016-05-12', 0, '2016-05-12', 0),
('C', '10104', 'Storage isle 1, shelf 1, and level 4 in warehouse', '2016-05-12', '2016-05-12', 0, '2016-05-12', 0),
('C', '10105', 'Storage isle 1, shelf 1, and level 5 in warehouse', '2016-05-12', '2016-05-12', 0, '2016-05-12', 0),
('C', '20101', 'Storage isle 2, shelf 1, and level 1 in warehouse', '2016-05-12', '2016-05-12', 0, '2016-05-12', 0),
('C', '20102', 'Storage isle 2, shelf 1, and level 2 in warehouse', '2016-05-12', '2016-05-12', 0, '2016-05-12', 0),
('C', '20103', 'Storage isle 2, shelf 1, and level 3 in warehouse', '2016-05-12', '2016-05-12', 0, '2016-05-12', 0),
('C', '20104', 'Storage isle 2, shelf 1, and level 4 in warehouse', '2016-05-12', '2016-05-12', 0, '2016-05-12', 0),
('C', '20105', 'Storage isle 2, shelf 1, and level 5 in warehouse', '2016-05-12', '2016-05-12', 0, '2016-05-12', 0),
('C', '30101', 'Storage isle 3, shelf 1, and level 1 in warehouse', '2016-05-12', '2016-05-12', 0, '2016-05-12', 0),
('C', '30102', 'Storage isle 3, shelf 1, and level 2 in warehouse', '2016-05-12', '2016-05-12', 0, '2016-05-12', 0),
('C', '30104', 'Storage isle 3, shelf 1, and level 3 in warehouse', '2016-05-12', '2016-05-12', 0, '2016-05-12', 0),
('C', '30105', 'Storage isle 3, shelf 1, and level 5 in warehouse', '2016-05-12', '2016-05-12', 0, '2016-05-12', 0),
('C', '40101', 'Storage isle 4, shelf 1, and level 1 in warehouse', '2016-05-12', '2016-05-12', 0, '2016-05-12', 0),
('C', '40102', 'Storage isle 4, shelf 1, and level 2 in warehouse', '2016-05-12', '2016-05-12', 0, '2016-05-12', 0),
('C', '40103', 'Storage isle 4, shelf 1, and level 3 in warehouse', '2016-05-12', '2016-05-12', 0, '2016-05-12', 0),
('C', '40104', 'Storage isle 4, shelf 1, and level 4 in warehouse', '2016-05-12', '2016-05-12', 0, '2016-05-12', 0),
('C', '40105', 'Storage isle 4, shelf 1, and level 5 in warehouse', '2016-05-12', '2016-05-12', 0, '2016-05-12', 0),
('C', '50101', 'Storage isle 5, shelf 1, and level 1 in warehouse', '2016-05-12', '2016-05-12', 0, '2016-05-12', 0),
('C', '50102', 'Storage isle 5, shelf 1, and level 2 in warehouse', '2016-05-12', '2016-05-12', 0, '2016-05-12', 0),
('C', '50103', 'Storage isle 5, shelf 1, and level 3 in warehouse', '2016-05-12', '2016-05-12', 0, '2016-05-12', 0),
('C', '50104', 'Storage isle 5, shelf 1, and level 4 in warehouse', '2016-05-12', '2016-05-12', 0, '2016-05-12', 0),
('C', '50105', 'Storage isle 5, shelf 1, and level 5 in warehouse', '2016-05-12', '2016-05-12', 0, '2016-05-12', 0);

-- --------------------------------------------------------

--
-- 資料表結構 `ORDMAS`
--

CREATE TABLE `ORDMAS` (
  `ORDNO` varchar(15) COLLATE utf8_bin NOT NULL,
  `ORDTYPE` varchar(1) COLLATE utf8_bin NOT NULL,
  `CUSNO` varchar(15) COLLATE utf8_bin NOT NULL,
  `CUS_PO_NO` varchar(50) COLLATE utf8_bin DEFAULT NULL,
  `SHIP_ADD_NO` varchar(15) COLLATE utf8_bin NOT NULL,
  `BILL_ADD_NO` varchar(15) COLLATE utf8_bin NOT NULL,
  `BACKCODE` varchar(1) COLLATE utf8_bin NOT NULL,
  `INVOICENO` varchar(15) COLLATE utf8_bin DEFAULT NULL,
  `SALPERNO` varchar(15) COLLATE utf8_bin NOT NULL,
  `TO_ORD_AMT` double NOT NULL,
  `TO_SHP_AMT` double NOT NULL,
  `SALEAMTYTD` double NOT NULL,
  `SALEAMTSTD` double NOT NULL,
  `SALEAMTMTD` double NOT NULL,
  `ORD_INST` varchar(50) COLLATE utf8_bin DEFAULT NULL,
  `DATEORDORG` date DEFAULT NULL,
  `ORDCOMPER` double NOT NULL,
  `ORD_STAT` varchar(1) COLLATE utf8_bin NOT NULL,
  `DATE_REQ` date NOT NULL,
  `CREATEDATE` datetime NOT NULL,
  `UPDATEDATE` datetime NOT NULL,
  `ACTCODE` tinyint(1) NOT NULL
) ENGINE=InnoDB DEFAULT CHARSET=utf8 COLLATE=utf8_bin COMMENT='顧客訂單主檔';

--
-- 資料表的匯出資料 `ORDMAS`
--

INSERT INTO `ORDMAS` (`ORDNO`, `ORDTYPE`, `CUSNO`, `CUS_PO_NO`, `SHIP_ADD_NO`, `BILL_ADD_NO`, `BACKCODE`, `INVOICENO`, `SALPERNO`, `TO_ORD_AMT`, `TO_SHP_AMT`, `SALEAMTYTD`, `SALEAMTSTD`, `SALEAMTMTD`, `ORD_INST`, `DATEORDORG`, `ORDCOMPER`, `ORD_STAT`, `DATE_REQ`, `CREATEDATE`, `UPDATEDATE`, `ACTCODE`) VALUES
('100001', 'G', '100001', '57890076', '1', '1', '0', '0', '1', 0, 0, 0, 0, 0, 'No delay.', NULL, 0, 'E', '2016-12-05', '2017-02-02 10:40:00', '2017-02-02 11:06:51', 1),
('100002', 'G', '100001', '57890120', '2', '2', '0', '0', '1', 0, 0, 0, 0, 0, 'No delay.', NULL, 0, 'E', '2016-12-06', '2017-02-02 10:40:20', '2017-02-02 10:40:20', 1),
('100003', 'G', '200001', '67032', '1', '1', '0', '0', '2', 0, 0, 0, 0, 0, 'Use UPS.', NULL, 0, 'E', '2016-12-07', '2017-02-02 10:40:57', '2017-02-02 10:40:57', 1),
('100004', 'G', '200001', '67125', '2', '2', '0', '0', '2', 0, 0, 0, 0, 0, 'Use UPS.', NULL, 0, 'E', '2016-12-08', '2017-02-02 10:41:18', '2017-02-02 10:41:18', 1),
('100005', 'G', '300001', 'R1126008', '1', '1', '0', '0', '3', 0, 0, 0, 0, 0, '', NULL, 0, 'E', '2016-12-09', '2017-02-02 10:41:46', '2017-02-02 10:41:46', 1),
('100006', 'G', '300001', 'R1208003', '1', '1', '0', '0', '3', 0, 0, 0, 0, 0, '', NULL, 0, 'E', '2016-12-09', '2017-02-02 10:42:18', '2017-02-02 10:42:18', 1),
('100007', 'G', '300001', 'R1209001', '2', '1', '0', '0', '3', 0, 0, 0, 0, 0, '', NULL, 0, 'E', '2016-12-09', '2017-02-02 10:42:42', '2017-02-02 10:42:42', 1),
('100008', 'G', '300001', 'R6607789', '3', '1', '0', '0', '3', 0, 0, 0, 0, 0, '', NULL, 0, 'E', '2016-12-09', '2017-02-02 10:43:05', '2017-02-02 10:43:05', 1),
('100009', 'G', '300002', 'P6708668', '1', '1', '0', '0', '3', 0, 0, 0, 0, 0, 'Use DHL.', NULL, 0, 'E', '2016-12-05', '2017-02-02 10:43:34', '2017-02-02 10:43:34', 1),
('100010', 'G', '300002', 'P6709021', '1', '1', '0', '0', '3', 0, 0, 0, 0, 0, 'Use DHL.', NULL, 0, 'E', '2016-12-05', '2017-02-02 10:44:16', '2017-02-02 10:44:16', 1),
('100011', 'G', '400001', 'L1699003', '2', '2', '0', '0', '4', 0, 0, 0, 0, 0, '', NULL, 0, 'E', '2016-12-05', '2017-02-02 10:44:49', '2017-02-02 10:44:49', 1),
('100012', 'G', '400001', 'L1699006', '3', '2', '0', '0', '4', 0, 0, 0, 0, 0, '', NULL, 0, 'E', '2016-12-06', '2017-02-02 10:45:07', '2017-02-02 10:45:07', 1),
('100013', 'G', '400001', 'L1699008', '1', '1', '0', '0', '4', 0, 0, 0, 0, 0, '', NULL, 0, 'E', '2016-12-07', '2017-02-02 10:45:25', '2017-02-02 10:45:25', 1),
('100014', 'G', '400001', 'L1699235', '1', '1', '0', '0', '4', 0, 0, 0, 0, 0, '', NULL, 0, 'E', '2016-12-08', '2017-02-02 10:45:45', '2017-02-02 10:45:45', 1),
('100015', 'G', '400002', 'VGA00236', '1', '1', '0', '0', '4', 0, 0, 0, 0, 0, '', NULL, 0, 'E', '2016-12-05', '2017-02-02 10:46:09', '2017-02-02 10:46:09', 1),
('100016', 'G', '400002', 'VGA00244', '2', '1', '0', '0', '4', 0, 0, 0, 0, 0, '', NULL, 0, 'E', '2016-12-05', '2017-02-02 10:46:34', '2017-02-02 10:46:34', 1),
('100017', 'G', '500001', 'K009877', '2', '1', '0', '0', '5', 0, 0, 0, 0, 0, '', NULL, 0, 'E', '2016-12-06', '2017-02-02 10:47:05', '2017-02-02 10:47:05', 1),
('100018', 'G', '500001', 'K009878', '3', '1', '0', '0', '5', 0, 0, 0, 0, 0, '', NULL, 0, 'E', '2016-12-06', '2017-02-02 10:47:28', '2017-02-02 10:47:28', 1),
('100019', 'G', '500001', 'K009879', '1', '1', '0', '0', '5', 0, 0, 0, 0, 0, '', NULL, 0, 'E', '2016-12-06', '2017-02-02 10:47:45', '2017-02-02 10:47:45', 1),
('100020', 'G', '400001', 'L1699235', '1', '1', '0', '0', '4', 0, 0, 0, 0, 0, '', NULL, 0, 'E', '2016-12-12', '2017-02-02 10:48:19', '2017-02-02 10:48:19', 1),
('100021', 'G', '400001', 'L1699238', '2', '2', '0', '0', '4', 0, 0, 0, 0, 0, '', NULL, 0, 'E', '2016-12-12', '2017-02-02 10:48:39', '2017-02-02 10:48:39', 1),
('100022', 'G', '400001', 'L1699240', '2', '2', '0', '0', '4', 0, 0, 0, 0, 0, '', NULL, 0, 'E', '2016-12-12', '2017-02-02 10:48:58', '2017-02-02 10:48:58', 1),
('100023', 'G', '400001', 'L1699244', '3', '2', '0', '0', '4', 0, 0, 0, 0, 0, '', NULL, 0, 'E', '2016-12-12', '2017-02-02 10:49:16', '2017-02-02 10:49:16', 1),
('100024', 'G', '400002', 'VGA00236', '1', '1', '0', '0', '4', 0, 0, 0, 0, 0, '', NULL, 0, 'E', '2016-12-13', '2017-02-02 10:49:36', '2017-02-02 11:12:24', 1),
('100025', 'G', '400002', 'LCD00244', '2', '1', '0', '0', '4', 0, 0, 0, 0, 0, '', NULL, 0, 'E', '2016-12-14', '2017-02-02 10:49:56', '2017-02-02 11:12:32', 1),
('100026', 'G', '400002', 'VGA00455', '1', '1', '0', '0', '4', 0, 0, 0, 0, 0, '', NULL, 0, 'E', '2016-12-15', '2017-02-02 10:50:14', '2017-02-02 10:50:14', 1),
('100027', 'G', '400002', 'LCD00467', '2', '1', '0', '0', '4', 0, 0, 0, 0, 0, '', NULL, 0, 'E', '2016-12-16', '2017-02-02 10:50:34', '2017-02-02 10:50:34', 1),
('100028', 'G', '400002', 'VGA00632', '1', '1', '0', '0', '4', 0, 0, 0, 0, 0, '', NULL, 0, 'E', '2016-12-19', '2017-02-02 10:50:52', '2017-02-02 10:50:52', 1),
('100029', 'G', '400002', 'VGA00676', '2', '1', '0', '0', '4', 0, 0, 0, 0, 0, '', NULL, 0, 'E', '2016-12-19', '2017-02-02 10:51:12', '2017-02-02 10:51:12', 1),
('100030', 'G', '500001', 'K009877', '2', '1', '0', '0', '5', 0, 0, 0, 0, 0, '', NULL, 0, 'E', '2016-12-20', '2017-02-02 10:51:33', '2017-02-02 10:51:33', 1),
('100031', 'G', '500001', 'K009878', '3', '1', '0', '0', '5', 0, 0, 0, 0, 0, '', NULL, 0, 'E', '2016-12-20', '2017-02-02 10:52:00', '2017-02-02 10:52:00', 1),
('100032', 'G', '500001', 'K009879', '1', '1', '0', '0', '5', 0, 0, 0, 0, 0, '', NULL, 0, 'E', '2016-12-20', '2017-02-02 10:52:22', '2017-02-02 10:52:22', 1),
('100033', 'G', '500001', 'K0100782', '1', '1', '0', '0', '5', 0, 0, 0, 0, 0, '', NULL, 0, 'E', '2016-12-20', '2017-02-02 10:52:41', '2017-02-02 10:52:41', 1),
('100034', 'G', '500001', 'L1699238', '2', '1', '0', '0', '5', 0, 0, 0, 0, 0, '', NULL, 0, 'E', '2016-12-21', '2017-02-02 10:53:00', '2017-02-02 10:53:00', 1),
('100035', 'G', '500001', 'L1699244', '3', '1', '0', '0', '5', 0, 0, 0, 0, 0, '', NULL, 0, 'E', '2016-12-21', '2017-02-02 10:53:17', '2017-02-02 11:07:16', 1),
('900001', 'S', '100001', 'S9999110', '1', '1', '0', '0', '1', 0, 0, 0, 0, 0, 'Use UPS.', NULL, 0, 'E', '2016-12-05', '2017-02-02 10:53:52', '2017-02-02 10:53:52', 1);

-- --------------------------------------------------------

--
-- 資料表結構 `ORDMAT`
--

CREATE TABLE `ORDMAT` (
  `ORDNO` varchar(15) COLLATE utf8_bin NOT NULL,
  `ITEMNO` varchar(15) COLLATE utf8_bin NOT NULL,
  `WHOUSE` varchar(5) COLLATE utf8_bin NOT NULL,
  `UNI_COST` double NOT NULL,
  `ITEMCLASS` varchar(2) COLLATE utf8_bin NOT NULL,
  `QTYORD` int(11) NOT NULL,
  `QTYSHIP` int(11) NOT NULL,
  `QTYBAKORD` int(11) NOT NULL,
  `BASE_PRICE` double NOT NULL,
  `PRICE_CNT` double DEFAULT NULL,
  `PERCENTDIS` double DEFAULT NULL,
  `PRICE_SELL` double NOT NULL,
  `NET_SALES` double NOT NULL,
  `TAX_CODE` varchar(1) COLLATE utf8_bin NOT NULL,
  `DATEORDORG` date NOT NULL,
  `CREATEDATE` datetime NOT NULL,
  `UPDATEDATE` datetime NOT NULL,
  `ACTCODE` tinyint(1) NOT NULL
) ENGINE=InnoDB DEFAULT CHARSET=utf8 COLLATE=utf8_bin COMMENT='銷售訂單材料檔';

-- --------------------------------------------------------

--
-- 資料表結構 `PCKLST`
--

CREATE TABLE `PCKLST` (
  `PCKLSTNO` varchar(15) COLLATE utf8_bin NOT NULL,
  `ORDNO` varchar(15) COLLATE utf8_bin NOT NULL,
  `ITEMNO` varchar(15) COLLATE utf8_bin NOT NULL,
  `DATE_REQ` date NOT NULL,
  `QTYSHIPREQ` int(11) NOT NULL,
  `DATEPRTORG` date NOT NULL,
  `CUSNO` varchar(15) COLLATE utf8_bin NOT NULL,
  `PRINTAG` varchar(15) COLLATE utf8_bin NOT NULL,
  `DATE_SHIP` date NOT NULL,
  `SHIP_ADD_NO` varchar(15) COLLATE utf8_bin NOT NULL,
  `WHOUSE` varchar(5) COLLATE utf8_bin NOT NULL,
  `LOCNO` varchar(5) COLLATE utf8_bin NOT NULL,
  `SALPERNO` varchar(15) COLLATE utf8_bin NOT NULL,
  `ACTCODE` tinyint(1) NOT NULL
) ENGINE=InnoDB DEFAULT CHARSET=utf8 COLLATE=utf8_bin COMMENT='揀貨單交易檔';

-- --------------------------------------------------------

--
-- 資料表結構 `REG_CITY_ADD`
--

CREATE TABLE `REG_CITY_ADD` (
  `LEVEL` tinyint(1) NOT NULL,
  `REGIONNO` varchar(15) COLLATE utf8_bin NOT NULL,
  `CITYNO` varchar(15) COLLATE utf8_bin NOT NULL,
  `CUSNO` varchar(15) COLLATE utf8_bin NOT NULL,
  `ADDNO` varchar(15) COLLATE utf8_bin NOT NULL,
  `SALEAMTMTD` int(11) NOT NULL,
  `SALEAMTSTD` int(11) NOT NULL,
  `SALEAMTYTD` int(11) NOT NULL,
  `SALEAMT` int(11) NOT NULL,
  `PRODUCER` varchar(1) COLLATE utf8_bin NOT NULL,
  `PRODUCE_TIME` datetime NOT NULL
) ENGINE=InnoDB DEFAULT CHARSET=utf8 COLLATE=utf8_bin COMMENT='地區-城市-地址';

-- --------------------------------------------------------

--
-- 資料表結構 `SLSMAS`
--

CREATE TABLE `SLSMAS` (
  `SALPERNO` varchar(15) COLLATE utf8_bin NOT NULL,
  `SALPERNM` varchar(50) COLLATE utf8_bin NOT NULL,
  `EMPNO` varchar(15) COLLATE utf8_bin NOT NULL,
  `COMRATE` double NOT NULL,
  `SALEAMTYTD` double NOT NULL,
  `SALEAMTSTD` double NOT NULL,
  `SALEAMTMTD` double NOT NULL,
  `CREATEDATE` datetime NOT NULL,
  `UPDATEDATE` datetime NOT NULL,
  `ACTCODE` tinyint(1) NOT NULL
) ENGINE=InnoDB DEFAULT CHARSET=utf8 COLLATE=utf8_bin COMMENT='銷售員資料主檔';

--
-- 資料表的匯出資料 `SLSMAS`
--

INSERT INTO `SLSMAS` (`SALPERNO`, `SALPERNM`, `EMPNO`, `COMRATE`, `SALEAMTYTD`, `SALEAMTSTD`, `SALEAMTMTD`, `CREATEDATE`, `UPDATEDATE`, `ACTCODE`) VALUES
('1', 'Trip, Linda', '900001', 5, 0, 0, 0, '2017-01-31 19:41:58', '2017-02-01 02:54:33', 1),
('2', 'Gate, Robert', '900002', 3, 0, 0, 0, '2017-01-31 19:42:16', '2017-02-01 02:55:25', 1),
('3', 'Jobs, Steve', '900003', 1, 0, 0, 0, '2017-01-31 19:42:32', '2017-01-31 19:42:32', 1),
('4', 'Chen, Davis', '900004', 1, 0, 0, 0, '2017-01-31 19:43:02', '2017-01-31 19:43:02', 1),
('5', 'Wang, Tim', '900005', 1, 0, 0, 0, '2017-01-31 19:43:23', '2017-01-31 19:43:23', 1);

-- --------------------------------------------------------

--
-- 資料表結構 `SLS_CUS_ADD`
--

CREATE TABLE `SLS_CUS_ADD` (
  `LEVEL` tinyint(1) NOT NULL,
  `SALPERNO` varchar(15) COLLATE utf8_bin NOT NULL,
  `CUSNO` varchar(15) COLLATE utf8_bin NOT NULL,
  `ADDNO` varchar(15) COLLATE utf8_bin NOT NULL,
  `SALEAMTMTD` int(11) NOT NULL,
  `SALEAMTSTD` int(11) NOT NULL,
  `SALEAMTYTD` int(11) NOT NULL,
  `SALEAMT` int(11) NOT NULL,
  `PRODUCER` varchar(1) COLLATE utf8_bin NOT NULL,
  `PRODUCE_TIME` datetime NOT NULL
) ENGINE=InnoDB DEFAULT CHARSET=utf8 COLLATE=utf8_bin COMMENT='銷售員-顧客-地址';

-- --------------------------------------------------------

--
-- 資料表結構 `WHOUSE`
--

CREATE TABLE `WHOUSE` (
  `whouse` varchar(5) COLLATE utf8_bin NOT NULL,
  `descriptor` varchar(50) COLLATE utf8_bin NOT NULL,
  `inreq_no` int(11) NOT NULL,
  `plan_or_no` int(11) NOT NULL,
  `pur_or_no` int(11) NOT NULL,
  `date_l_mnt` date NOT NULL,
  `date_cre` date NOT NULL,
  `actcode` tinyint(4) NOT NULL
) ENGINE=InnoDB DEFAULT CHARSET=utf8 COLLATE=utf8_bin;

--
-- 資料表的匯出資料 `WHOUSE`
--

INSERT INTO `WHOUSE` (`whouse`, `descriptor`, `inreq_no`, `plan_or_no`, `pur_or_no`, `date_l_mnt`, `date_cre`, `actcode`) VALUES
('A', 'Receiving, Shipping, and temporary storage Area', 0, 0, 0, '2016-05-12', '2012-04-19', 0),
('B', 'Warehouse for VGA', 0, 0, 0, '2016-05-12', '2012-04-19', 0),
('C', 'Warehouse for LCD', 0, 0, 0, '2016-05-12', '2012-04-19', 0);

--
-- 已匯出資料表的索引
--

--
-- 資料表索引 `CUSADD`
--
ALTER TABLE `CUSADD`
  ADD PRIMARY KEY (`CUSNO`,`ADDNO`);

--
-- 資料表索引 `CUSADDCITY`
--
ALTER TABLE `CUSADDCITY`
  ADD PRIMARY KEY (`CUSNO`,`ADDNO`,`CITYNO`);

--
-- 資料表索引 `CUSCITY`
--
ALTER TABLE `CUSCITY`
  ADD PRIMARY KEY (`CITYNO`);

--
-- 資料表索引 `CUSMAS`
--
ALTER TABLE `CUSMAS`
  ADD PRIMARY KEY (`CUSNO`);

--
-- 資料表索引 `CUSREGION`
--
ALTER TABLE `CUSREGION`
  ADD PRIMARY KEY (`REGIONNO`);

--
-- 資料表索引 `INVOICE`
--
ALTER TABLE `INVOICE`
  ADD PRIMARY KEY (`INVOICENO`,`PCKLSTNO`,`ITEMNO`);

--
-- 資料表索引 `ORDMAS`
--
ALTER TABLE `ORDMAS`
  ADD PRIMARY KEY (`ORDNO`);

--
-- 資料表索引 `ORDMAT`
--
ALTER TABLE `ORDMAT`
  ADD PRIMARY KEY (`ORDNO`,`ITEMNO`);

--
-- 資料表索引 `PCKLST`
--
ALTER TABLE `PCKLST`
  ADD PRIMARY KEY (`PCKLSTNO`,`ITEMNO`);

--
-- 資料表索引 `SLSMAS`
--
ALTER TABLE `SLSMAS`
  ADD PRIMARY KEY (`SALPERNO`);

/*!40101 SET CHARACTER_SET_CLIENT=@OLD_CHARACTER_SET_CLIENT */;
/*!40101 SET CHARACTER_SET_RESULTS=@OLD_CHARACTER_SET_RESULTS */;
/*!40101 SET COLLATION_CONNECTION=@OLD_COLLATION_CONNECTION */;
